איזור גידול,סוג חלקה,אורגני,מספר חלקה ,מספר חלקה מפורט,_id,שם חלקת אם,שם חלקה מפורט,שטח ברוטו (דונם),מגוף השקייה,מקור מים,דונם לגידול שלחין,type,דוררת,גרב אבקי,אבנים,רגישות לקרה,חיטוי אדיגן
משמר הנגב,פלחה,רגיל,2001,2001,2001,1,1,232,,,232,plot,,,,,
משמר הנגב,שלחין,רגיל,2002,2002-1,2002-1,2,2-1,54,131,משמר הנגב שפירים,54,plot,,,,,
משמר הנגב,שלחין,רגיל,2002,2002-2,2002-2--1,2,2-2,62,132,משמר הנגב שפירים,62,plot,,,,,
משמר הנגב,שלחין,רגיל,2002,2002-3,2002-3--1,2,2-3,69,133,משמר הנגב שפירים,69,plot,,,,,
משמר הנגב,שלחין,רגיל,2002,2002-2,2002-2--2,2,2-2,89,132,משמר הנגב שפירים,89,plot,,,,,
משמר הנגב,שלחין,רגיל,2002,2002-3,2002-3--2,2,2-3,112,133,משמר הנגב שפירים,112,plot,,,,,
משמר הנגב,שלחין,רגיל,2003,2003-1,2003-1,3,3-1,65,131,משמר הנגב שפירים,65,plot,,,,,
משמר הנגב,שלחין,רגיל,2003,2003-2,2003-2,3,3-2,66,132,משמר הנגב שפירים,66,plot,,,,,
משמר הנגב,שלחין,רגיל,2003,2003-3,2003-3,3,3-3,72,133,משמר הנגב שפירים,76,plot,,,,,
משמר הנגב,שלחין,רגיל,2005,2005-1,2005-1,5,5-1,145,151,מאגר רהט,145,plot,,,,,
משמר הנגב,שלחין,רגיל,2005,2005-2,2005-2,5,5-2,155,152,מאגר רהט,155,plot,,,,,
משמר הנגב,שלחין,רגיל,2005,2005-3,2005-3,5,5-3,156,153,מאגר רהט,156,plot,,,,,
משמר הנגב,שלחין,רגיל,2005,2005-4,2005-4,5,5-4,157,154,מאגר רהט,157,plot,,,,,
משמר הנגב,שלחין,רגיל,2005,2005-5,2005-5,5,5-5,131,155,מאגר רהט,131,plot,,,,,
משמר הנגב,שלחין,רגיל,2006,2006-1,2006-1,6,6-1,167,151,מאגר רהט,136,plot,,,,,
משמר הנגב,שלחין,רגיל,2006,2006-2,2006-2,6,6-2,138,152,מאגר רהט,139,plot,,,,,
משמר הנגב,שלחין,רגיל,2006,2006-3,2006-3,6,6-3,150,153,מאגר רהט,150,plot,,,,,
משמר הנגב,שלחין,רגיל,2006,2006-4,2006-4,6,6-4,144,154,מאגר רהט,144,plot,,,,,
משמר הנגב,שלחין,רגיל,2006,2006-5,2006-5,6,6-5,117,155,מאגר רהט,117,plot,,,,,
משמר הנגב,שלחין,רגיל,2007,2007-1,2007-1--1,7,7-1,207,150,מאגר רהט,199,plot,,,,,
משמר הנגב,שלחין,רגיל,2007,2007-1,2007-1--2,7,7-1,166,150,מאגר רהט,44,plot,,,,,
משמר הנגב,שלחין,רגיל,2007,2007-1,2007-1--3,7,7-1,122,150,מאגר רהט,122,plot,,,,,
משמר הנגב,שלחין,רגיל,2007,2007-2,2007-2--1,7,7-2,124,150,מאגר רהט,109,plot,,,,,
משמר הנגב,שלחין,רגיל,2007,2007-2,2007-2--2,7,7-2,21,150,מאגר רהט,21,plot,,,,,
משמר הנגב,שלחין,רגיל,2013,2013-1,2013-1,13,13-1,184,163,מאגר רהט,184,plot,,מוקדי אבנים,,,
משמר הנגב,שלחין,רגיל,2013,2013-2,2013-2,13,13-2,188,164,מאגר רהט,188,plot,,מוקדי אבנים,,,
משמר הנגב,שלחין,רגיל,2013,2013-3,2013-3,13,13-3,235,165,מאגר רהט,235,plot,,מוקדי אבנים,,,
משמר הנגב,שלחין,רגיל,2013,2013-4,2013-4,13,13-4,99,151,מאגר רהט,99,plot,,,,,
משמר הנגב,שלחין,רגיל,2014,2014-1,2014-1--1,14,14-1,130,173,מאגר רהט,130,plot,,מוקדי אבנים,,,
משמר הנגב,שלחין,רגיל,2014,2014-2,2014-2--1,14,14-2,132,174,מאגר רהט,107,plot,,מוקדי אבנים,,,
משמר הנגב,שלחין,רגיל,2014,2014-3,2014-3--1,14,14-3,131,175,מאגר רהט,122,plot,,מוקדי אבנים,,,
משמר הנגב,שלחין,רגיל,2014,2014-1,2014-1--2,14,14-1,130,173,מאגר רהט,130,plot,,מוקדי אבנים,,,
משמר הנגב,שלחין,רגיל,2014,2014-2,2014-2--2,14,14-2,132,174,מאגר רהט,132,plot,,מוקדי אבנים,,,
משמר הנגב,שלחין,רגיל,2014,2014-3,2014-3--2,14,14-3,131,175,מאגר רהט,131,plot,,מוקדי אבנים,,,
משמר הנגב,שלחין,רגיל,2015,2015-1,2015-1,15,15-1,340,171,מאגר רהט,340,plot,,מוקדי אבנים,,,
משמר הנגב,שלחין,רגיל,2015,2015-2,2015-2--1,15,15-2,100,172,מאגר רהט,95,plot,,מוקדי אבנים,,,
משמר הנגב,שלחין,רגיל,2015,2015-3,2015-3--1,15,15-3,100,173,מאגר רהט,96,plot,,מוקדי אבנים,,,
משמר הנגב,שלחין,רגיל,2015,2015-4,2015-4--1,15,15-4,100,174,מאגר רהט,99,plot,,מוקדי אבנים,,,
משמר הנגב,שלחין,רגיל,2015,2015-2,2015-2--2,15,15-2,103,172,מאגר רהט,103,plot,,מוקדי אבנים,,,
משמר הנגב,שלחין,רגיל,2015,2015-3,2015-3--2,15,15-3,103,173,מאגר רהט,103,plot,,מוקדי אבנים,,,
משמר הנגב,שלחין,רגיל,2015,2015-4,2015-4--2,15,15-4,75,174,מאגר רהט,75,plot,,מוקדי אבנים,,,
משמר הנגב,שלחין,רגיל,2015,2015-2,2015-2--3,15,15-2,97,172,מאגר רהט,97,plot,,מוקדי אבנים,,,
משמר הנגב,שלחין,רגיל,2015,2015-3,2015-3--3,15,15-3,67,173,מאגר רהט,67,plot,,מוקדי אבנים,,,
משמר הנגב,שלחין,רגיל,2015,2015-4,2015-4--3,15,15-4,29,174,מאגר רהט,29,plot,,מוקדי אבנים,,,
משמר הנגב,שלחין,רגיל,2015,2015-5,2015-5,15,15-5,110,175,מאגר רהט,93,plot,,מוקדי אבנים,,,
משמר הנגב,שלחין,רגיל,2016,2016-1,2016-1,16,16-1,254,161,מאגר רהט,254,plot,,,,,
משמר הנגב,שלחין,רגיל,2016,2016-2,2016-2,16,16-2,250,162,מאגר רהט,250,plot,,,,,
משמר הנגב,שלחין,רגיל,2017,2017-1,2017-1,17,17-1,134,159,מאגר רהט,123,plot,,,,,
משמר הנגב,שלחין,רגיל,2017,2017-2,2017-2,17,17-2,177,162,מאגר רהט,174,plot,,,,,
משמר הנגב,שלחין,רגיל,2018,2018,2018,18,18,111,160,מאגר רהט,111,plot,,,,,
משמר הנגב,פלחה,רגיל,2020,2020,2020,20,20,235,,,235,plot,,,,,
משמר הנגב,שלחין,רגיל,2021,2021-1,2021-1,21,21-1,127,181,מאגר רהט,120,plot,,,,,
משמר הנגב,שלחין,רגיל,2021,2021-2,2021-2,21,21-2,106,182,מאגר רהט,95,plot,,,,,
משמר הנגב,שלחין,רגיל,2022,2022-1,2022-1--1,22,22-1,133,162,מאגר רהט,133,plot,,,,,
משמר הנגב,שלחין,רגיל,2022,2022-2,2022-2--1,22,22-2,100,163,מאגר רהט,100,plot,,,,,
משמר הנגב,שלחין,רגיל,2022,2022-3,2022-3--1,22,22-3,100,164,מאגר רהט,100,plot,,,,,
משמר הנגב,שלחין,רגיל,2022,2022-2,2022-2--2,22,22-2,185,163,מאגר רהט,185,plot,,,,,
משמר הנגב,שלחין,רגיל,2022,2022-3,2022-3--2,22,22-3,158,164,מאגר רהט,158,plot,,,,,
משמר הנגב,שלחין,רגיל,2024,2024-1,2024-1,24,24-1,154,181,מאגר רהט,154,plot,,,,,
משמר הנגב,שלחין,רגיל,2024,2024-2,2024-2,24,24-2,140,182,מאגר רהט,140,plot,,,,,
משמר הנגב,פלחה,רגיל,2025,2025,2025,25,25,117,,,117,plot,,,,,
משמר הנגב,שלחין,רגיל,2027,2027,2027,27,27,62,180,מאגר רהט,62,plot,,,,,
משמר הנגב,שלחין,רגיל,2033,2033-1,2033-1,33,33 - 1,137,181,מאגר רהט,136,plot,,,,,
משמר הנגב,שלחין,רגיל,2033,2033-2,2033-2,33,33 - 2,134,182,מאגר רהט,123,plot,,,,,
משמר הנגב,שלחין,רגיל,2034,2034,2034,34,34,140,182,מאגר רהט,140,plot,,,,,
משמר הנגב,שלחין,אורגני,2036,2036-1,2036-1,36,36-1,31,200,קידוח משמר הנגב,31,plot,,,,,
משמר הנגב,שלחין,אורגני,2036,2036-2,2036-2--1,36,36-2,42,200,קידוח משמר הנגב,42,plot,,,,,
משמר הנגב,שלחין,אורגני,2036,2036-3,2036-3--1,36,36-3,29,200,קידוח משמר הנגב,29,plot,,,,,
משמר הנגב,שלחין,אורגני,2036,2036-2,2036-2--2,36,36-2,58,200,קידוח משמר הנגב,58,plot,,,,,
משמר הנגב,שלחין,אורגני,2036,2036-3,2036-3--2,36,36-3,56,200,קידוח משמר הנגב,56,plot,,,,,
משמר הנגב,שלחין,אורגני,2036,2036-2,2036-2--3,36,36-2,92,200,קידוח משמר הנגב,92,plot,,,,,
משמר הנגב,שלחין,אורגני,2036,2036-3,2036-3--3,36,36-3,77,200,קידוח משמר הנגב,33,plot,,,,,
משמר הנגב,שלחין,אורגני,2036,2036-2,2036-2--4,36,36-2,80,200,קידוח משמר הנגב,62,plot,,,,,
משמר הנגב,שלחין,אורגני,2038,2038,2038-1,38,38,52,201,קידוח משמר הנגב,50,plot,,,,,
משמר הנגב,שלחין,אורגני,2038,2038,2038-2,38,38,66,201,קידוח משמר הנגב,64,plot,,,,,
משמר הנגב,שלחין,אורגני,2041,2041-1,2041-1,41,41 - 1,94,205,קידוח משמר הנגב,94,plot,,,,,
משמר הנגב,שלחין,אורגני,2041,2041-2,2041-2--1,41,41 - 2,80,205,קידוח משמר הנגב,80,plot,,,,,
משמר הנגב,שלחין,אורגני,2041,2041-2,2041-2--2,41,41 - 2,31,205,קידוח משמר הנגב,31,plot,,,,,
משמר הנגב,פלחה,רגיל,2043,2043,2043,43,43,289,,,289,plot,,,,,
משמר הנגב,שלחין,אורגני,2044,2044,2044,44,44,128,202,קידוח משמר הנגב,106,plot,,,,,
משמר הנגב,פלחה,אורגני,2045,2045,2045-1,45,45,2,,,2,plot,,,,,
משמר הנגב,פלחה,אורגני,2045,2045,2045-2,45,45,104,,,104,plot,,,,,
משמר הנגב,שלחין,אורגני,2046,2046-1,2046-1,46,46 - 1,84,203,קידוח משמר הנגב,63,plot,,,,,
משמר הנגב,שלחין,אורגני,2046,2046-2,2046-2,46,46 - 2,87,204,קידוח משמר הנגב,66,plot,,,,,
משמר הנגב,פלחה,רגיל,2048,2048,2048,48,48,146,,,146,plot,,,,,
מיגדה,שלחין,רגיל,1057,1057,1057,57,57,118,122,"שפד""ן מיגדה",118,plot,,,,,
מיגדה,שלחין,רגיל,1058,1058,1058,58,58,89,122,"שפד""ן מיגדה",65,plot,,,,,
מיגדה,פלחה,רגיל,1059,1059,1059-1,59,59,13,,,13,plot,,,,,
מיגדה,פלחה,רגיל,1059,1059,1059-2,59,59,20,,,20,plot,,,,,
משמר הנגב,שלחין,אורגני,2219,2219-1,2219-1,19 מזרח,19 - 1 מזרח,120,100,מאגר רהט,80,plot,,בחלק הדרום מערבי של החלקה יש אבנים,,,
משמר הנגב,שלחין,אורגני,2219,2219-2,2219-2,19 מזרח,19 - 2 מזרח,105,100,מאגר רהט,80,plot,,,,,
משמר הנגב,שלחין,אורגני,2019,2019-1,2019-1,19 מערב,19 - 1 מערב,76,100,מאגר רהט,76,plot,,,,אסור בגלל קרבה לכביש,
משמר הנגב,שלחין,אורגני,2019,2019-2,2019-2,19 מערב,19 - 2 מערב,119,100,מאגר רהט,119,plot,,,,אסור בגלל קרבה לכביש,
משמר הנגב,פלחה,רגיל,2022,2022-1,2022-1--2,22,22-1,10,,,10,plot,,,,,
משמר הנגב,פלחה,רגיל,2022,2022-3,2022-3,22,22-3,34,,,34,plot,,,,,
משמר הנגב,פלחה,רגיל,2034-9,2034-9,2034-9,34 פלחה,34 פלחה ,82,,,82,plot,,,,,
משמר הנגב,שלחין,אורגני,2035,2035,2035,35,35,85,200,קידוח משמר הנגב,85,plot,,,,,
משמר הנגב,פלחה,אורגני,2036-9,2036-9,2036-9--1,36 פלחה,36 פלחה,17,,,17,plot,,,,,
משמר הנגב,פלחה,אורגני,2036-9,2036-9,2036-9--2,36 פלחה,36 פלחה,75,,,75,plot,,,,,
משמר הנגב,שלחין,אורגני,2039,2039-1,2039-1--1,39,39 - 1,65,201,קידוח משמר הנגב,65,plot,,,,,
משמר הנגב,שלחין,אורגני,2039,2039-1,2039-1--2,39,39 - 1,83,201,קידוח משמר הנגב,67,plot,,,,,
משמר הנגב,שלחין,אורגני,2039,2039-1,2039-1--3,39,39 - 1,25,201,קידוח משמר הנגב,25,plot,,,,,
משמר הנגב,שלחין,אורגני,2039,2039-1,2039-1--4,39,39 - 1,92,201,קידוח משמר הנגב,86,plot,,,,,
משמר הנגב,שלחין,אורגני,2039,2039-2,2039-2--1,39,39 - 2,54,202,קידוח משמר הנגב,46,plot,,,,,
משמר הנגב,שלחין,אורגני,2039,2039-2,2039-2--2,39,39 - 2,54,202,קידוח משמר הנגב,54,plot,,,,,
משמר הנגב,שלחין,אורגני,2039,2039-2,2039-2--3,39,39 - 2,92,202,קידוח משמר הנגב,92,plot,,,,,
משמר הנגב,שלחין,רגיל,2004,2004-1,2004-1,4 דרום,4 - 1 דרום,72,141,משמר הנגב שפירים,71,plot,,,,,
משמר הנגב,שלחין,רגיל,2004,2004-2,2004-2,4 דרום,4 - 2 דרום,71,142,משמר הנגב שפירים,67,plot,,,,,
משמר הנגב,שלחין,רגיל,2004,2004-3,2004-3,4 דרום,4 - 3 דרום,68,143,משמר הנגב שפירים,69,plot,,,,,
משמר הנגב,שלחין,רגיל,2204,2204-1,2204-1,4 צפון,4 - 1 צפון,71,141,משמר הנגב שפירים,71,plot,,,,,
משמר הנגב,שלחין,רגיל,2204,2204-2,2204-2,4 צפון,4 - 2 צפון,68,142,משמר הנגב שפירים,68,plot,,,,,
משמר הנגב,שלחין,רגיל,2204,2204-3,2204-3,4 צפון,4 - 3 צפון,66,143,משמר הנגב שפירים,66,plot,,,,,
משמר הנגב,פלחה,אורגני,2046-9,2046-9,2046-9,46 פלחה,46 פלחה,98,,,98,plot,,,,,
משמר הנגב,שלחין,אורגני,2049,2049-1,2049-1--1,49,49-1,53,201,קידוח משמר הנגב,53,plot,,,,,
משמר הנגב,שלחין,אורגני,2049,2049-1,2049-1--2,49,49-1,24,201,קידוח משמר הנגב,24,plot,,,,,
משמר הנגב,שלחין,אורגני,2049,2049-1,2049-1--3,49,49-1,118,201,קידוח משמר הנגב,118,plot,,,,,
משמר הנגב,שלחין,אורגני,2049,2049-2,2049-2--1,49,49-2,76,202,קידוח משמר הנגב,76,plot,,,,,
משמר הנגב,שלחין,אורגני,2049,2049-2,2049-2--2,49,49-2,54,202,קידוח משמר הנגב,54,plot,,,,,
משמר הנגב,שלחין,אורגני,2049,2049-2,2049-2--3,49,49-2,65,202,קידוח משמר הנגב,65,plot,,,,,
משמר הנגב,שלחין,רגיל,2008,2008-1,2008-1--1,8 מערב,8 -1 מערב,67,174,מאגר רהט,67,plot,,,,,
משמר הנגב,שלחין,רגיל,2008,2008-1,2008-1--2,8 מערב,8 -1 מערב,68,174,מאגר רהט,68,plot,,,,,
משמר הנגב,שלחין,רגיל,2008,2008-2,2008-2,8 מערב,8 - 2 מערב,53,175,מאגר רהט,53,plot,,,,,
משמר הנגב,פלחה,רגיל,2208,2208,2208,8 צפון,8 צפון,207,,,207,plot,,,,,
משמר הנגב,שלחין,רגיל,2009,2009-1,2009-1,9 דרום,9 - 1 דרום,95,191,מאגר רהט,95,plot,,,,,
משמר הנגב,שלחין,רגיל,2009,2009-2,2009-2,9 דרום,9 - 2 דרום,63,192,מאגר רהט,63,plot,,,,,
משמר הנגב,שלחין,רגיל,2209,2209-1,2209-1,9 צפון,9 - 1 צפון,133,191,מאגר רהט,133,plot,,,,,
משמר הנגב,שלחין,רגיל,2209,2209-2,2209-2,9 צפון,9 - 2 צפון,112,192,מאגר רהט,112,plot,,,,,
משמר הנגב,שלחין,רגיל,2026,2026-1,2026-1--1,א-ב,א-ב - 1,64,101,מאגר רהט,64,plot,,,,,
משמר הנגב,שלחין,רגיל,2026,2026-2,2026-2--1,א-ב,א-ב - 2,61,102,מאגר רהט,61,plot,,,,,
משמר הנגב,שלחין,רגיל,2026,2026-1,2026-1--2,א-ב,א-ב - 1,63,101,מאגר רהט,63,plot,,,,,
משמר הנגב,שלחין,רגיל,2026,2026-2,2026-2--2,א-ב,א-ב - 2,64,102,מאגר רהט,64,plot,,,,,
בית קמה,שלחין,אורגני,101,101,101,אבוקדו,אבוקדו,147,60,"שפד""ן בית קמה",130,plot,,,,,
בית קמה,שלחין,רגיל,183,183-1,183-1,ארגנטינה,ארגנטינה - 1,93,71,"שפד""ן בית קמה",93,plot,,,,,
בית קמה,שלחין,רגיל,183,183-2,183-2,ארגנטינה,ארגנטינה - 2,92,72,"שפד""ן בית קמה",92,plot,,,,,
בית קמה,שלחין,רגיל,183,183-3,183-3,ארגנטינה,ארגנטינה - 3,76,73,"שפד""ן בית קמה",76,plot,,,,,
בית קמה,פלחה,רגיל,102,102,102-1,בין הכבישים,בין הכבישים,134,,,134,plot,,,,,
בית קמה,פלחה,רגיל,102,102,102-2,בין הכבישים,בין הכבישים,17,,,17,plot,,,,,
בית קמה,פלחה,רגיל,102,102,102-3,בין הכבישים,בין הכבישים,12,,,12,plot,,,,,
בית קמה,פלחה,רגיל,105,105,105,בית אלפא 1,בית אלפא 1,334,,,334,plot,,,,,
בית קמה,פלחה,רגיל,106,106,106,בית אלפא 2,בית אלפא 2,253,,,253,plot,,,,,
בית קמה,פלחה,רגיל,107,107,107,בית אלפא 3,בית אלפא 3,480,,,480,plot,,,,,
בית קמה,פלחה,רגיל,108,108,108,בית אלפא 4,בית אלפא 4,117,,,117,plot,,,,,
בית קמה,פלחה,רגיל,109,109,109,בית ספר,בית ספר,31,,,31,plot,,,,,
בית קמה,שלחין,רגיל,184,184-1,184-1,ברזיל,ברזיל - 1,112,71,"שפד""ן בית קמה",112,plot,,,,,
בית קמה,שלחין,רגיל,184,184-2,184-2,ברזיל,ברזיל - 2,119,72,"שפד""ן בית קמה",119,plot,,,,,
בית קמה,שלחין,רגיל,110,110,110,בריכה דרום,בריכה דרום,38,1,"שפד""ן בית קמה",38,plot,,,,,
בית קמה,שלחין,רגיל,111,111-1,111-1,בריכה מזרח,בריכה מזרח - 1,72,1,"שפד""ן בית קמה",72,plot,,,,,
בית קמה,שלחין,רגיל,111,111-2,111-2,בריכה מזרח,בריכה מזרח - 2,64,2,"שפד""ן בית קמה",64,plot,,,,,
בית קמה,שלחין,רגיל,113,113-1,113-1,בריכה מערב,בריכה מערב - 1,63,1,"שפד""ן בית קמה",63,plot,,,,,
בית קמה,שלחין,רגיל,113,113-2,113-2,בריכה מערב,בריכה מערב - 2,76,2,"שפד""ן בית קמה",76,plot,,,,,
בית קמה,שלחין,רגיל,112,112-1,112-1,בריכה מרכז,בריכה מרכז - 1,95,1,"שפד""ן בית קמה",95,plot,,,,,
בית קמה,שלחין,רגיל,112,112-2,112-2,בריכה מרכז,בריכה מרכז - 2,89,2,"שפד""ן בית קמה",89,plot,,,,,
בית קמה,פלחה,רגיל,114,114-11,114-11,בריכה פלחה,בריכה פלחה,28,,,28,plot,,,,,
מיגדה,שלחין,רגיל,1051,1051-1,1051-1,גדול דרום,גדול דרום - 1,116,111,"שפד""ן מיגדה",116,plot,,,,,
מיגדה,שלחין,רגיל,1051,1051-2,1051-2,גדול דרום,גדול דרום - 2,123,112,"שפד""ן מיגדה",123,plot,,,,,
מיגדה,שלחין,רגיל,1053,1053-1,1053-1,גדול מרכז,גדול מרכז - 1,109,111,"שפד""ן מיגדה",109,plot,,,,,
מיגדה,שלחין,רגיל,1053,1053-2,1053-2,גדול מרכז,גדול מרכז - 2,105,112,"שפד""ן מיגדה",105,plot,,,,,
מיגדה,שלחין,רגיל,1053,1053-3,1053-3,גדול מרכז,גדול מרכז - 3,33,113,"שפד""ן מיגדה",33,plot,,,,,
מיגדה,שלחין,רגיל,1054,1054-1,1054-1,גדול צפון,גדול צפון - 1,83,111,"שפד""ן מיגדה",83,plot,,,,,
מיגדה,שלחין,רגיל,1054,1054-2,1054-2,גדול צפון,גדול צפון - 2,97,112,"שפד""ן מיגדה",97,plot,,,,,
מיגדה,שלחין,רגיל,1054,1054-3,1054-3,גדול צפון,גדול צפון - 3,77,113,"שפד""ן מיגדה",77,plot,,,,,
מיגדה,שלחין,רגיל,1050,1050-1,1050-1,ואדי,ואדי - 1,43,112,"שפד""ן מיגדה",43,plot,,,,,
מיגדה,שלחין,רגיל,1050,1050-2,1050-2,ואדי,ואדי - 2,80,114,"שפד""ן מיגדה",80,plot,,,,,
מיגדה,שלחין,רגיל,1050,1050-3,1050-3,ואדי,ואדי - 3,81,115,"שפד""ן מיגדה",81,plot,,,,,
בית קמה,פלחה,רגיל,115,115,115-1,ואדיות 1,ואדיות 1,393,,,393,plot,,,,,
בית קמה,פלחה,רגיל,115,115,115-2,ואדיות 1,ואדיות 1,71,,,71,plot,,,,,
בית קמה,פלחה,רגיל,115,115,115-3,ואדיות 1,ואדיות 1,39,,,39,plot,,,,,
בית קמה,פלחה,רגיל,116,116,116,ואדיות 2,ואדיות 2,60,,,60,plot,,,,,
בית קמה,פלחה,רגיל,117,117,117,ואדיות 3,ואדיות 3,235,,,235,plot,,,,,
משמר הנגב,שלחין,אורגני,2037,2037,2037,זיתים,זיתים,70,206,קידוח משמר הנגב,64,plot,,,,,
בית קמה,מטעים,אורגני,311,311,311,חוחובה 2011,מצבה צפון - 2,70,,ביוב בית קמה,70,plot,,,,,
בית קמה,מטעים,אורגני,312,312,312,חוחובה 2012,מצבה צפון - 2,72,,ביוב בית קמה,72,plot,,,,,
בית קמה,מטעים,רגיל,315,315,315,חוחובה 2015,חוחובה 2015,494,,"שפד""ן בית קמה",494,plot,,,,,
בית קמה,מטעים,רגיל,316,316,316,חוחובה 2016,חוחובה 2016,508,,"שפד""ן בית קמה",508,plot,,,,,
בית קמה,שלחין,רגיל,120,120-1,120-1--1,טורקיה 1-2,טורקיה - 1,54,31,"שפד""ן בית קמה",54,plot,,,,,
בית קמה,שלחין,רגיל,120,120-2,120-2--1,טורקיה 1-2,טורקיה - 2,57,32,"שפד""ן בית קמה",57,plot,,,,,
בית קמה,שלחין,רגיל,120,120-1,120-1--2,טורקיה 1-2,טורקיה - 1,93,31,"שפד""ן בית קמה",93,plot,,,,,
בית קמה,שלחין,רגיל,120,120-2,120-2--2,טורקיה 1-2,טורקיה - 2,92,32,"שפד""ן בית קמה",92,plot,,,,,
בית קמה,פלחה,רגיל,121,121-3,121-3,טורקיה 3-4 מזרח,טורקיה - 3 מזרח,85,,,85,plot,,,,,
בית קמה,פלחה,רגיל,121,121-4,121-4,טורקיה 3-4 מזרח,טורקיה - 4 מזרח,96,,,96,plot,,,,,
בית קמה,שלחין,רגיל,122,122-3,122-3,טורקיה 3-4 מערב,טורקיה - 3 מערב,48,33,"שפד""ן בית קמה",48,plot,,,,,
בית קמה,שלחין,רגיל,122,122-4,122-4,טורקיה 3-4 מערב,טורקיה - 4 מערב,49,34,"שפד""ן בית קמה",49,plot,,,,,
בית קמה,שלחין,רגיל,125,125-2,125-2,טקסס,טקסס - 2,111,32,"שפד""ן בית קמה",98,plot,,,,,
בית קמה,שלחין,רגיל,125,125-3,125-3,טקסס,טקסס - 3,103,33,"שפד""ן בית קמה",103,plot,,,,,
בית קמה,שלחין,רגיל,125,125-4,125-4,טקסס,טקסס - 4,113,34,"שפד""ן בית קמה",113,plot,,,,,
בית קמה,שלחין,אורגני,125-1,125-1,125-1,טקסס - 1,טקסס - 1,124,31,"שפד""ן בית קמה",116,plot,,,,,
בית קמה,שלחין,רגיל,129,129-1,129-1,ירדן,ירדן - 1,62,41,"שפד""ן בית קמה",62,plot,,,,,
בית קמה,שלחין,רגיל,129,129-2,129-2,ירדן,ירדן - 2,71,42,"שפד""ן בית קמה",71,plot,,,,,
בית קמה,שלחין,רגיל,129,129-3,129-3,ירדן,ירדן - 3,93,43,"שפד""ן בית קמה",93,plot,,,,,
בית קמה,פלחה,רגיל,129-9,129-9,129-9,ירדן פלחה,ירדן פלחה,80,,,80,plot,,,,,
בית קמה,שלחין,אורגני,127,127-1,127-1,מטע,מטע - 1,80,61,"שפד""ן בית קמה",80,plot,,,,,
בית קמה,שלחין,אורגני,127,127-2,127-2--1,מטע,מטע - 2,47,62,"שפד""ן בית קמה",47,plot,,,,,
בית קמה,שלחין,אורגני,127,127-2,127-2--2,מטע,מטע - 2,50,62,"שפד""ן בית קמה",50,plot,,,,,
בית קמה,פלחה,רגיל,103,103,103,מליחה,מליחה,63,,,63,plot,,,,,
בית קמה,שלחין,רגיל,128,128-1,128-1--1,מסילה,מסילה - 1,83,41,"שפד""ן בית קמה",83,plot,,,,,
בית קמה,שלחין,רגיל,128,128-2,128-2--1,מסילה,מסילה - 2,92,42,"שפד""ן בית קמה",92,plot,,,,,
בית קמה,שלחין,רגיל,128,128-1,128-1--2,מסילה,מסילה - 1,69,41,"שפד""ן בית קמה",69,plot,,,,,
בית קמה,שלחין,רגיל,128,128-2,128-2--2,מסילה,מסילה - 2,76,42,"שפד""ן בית קמה",76,plot,,,,,
בית קמה,שלחין,רגיל,128,128-3,128-3--1,מסילה,מסילה - 3,167,43,"שפד""ן בית קמה",116,plot,,,,,
בית קמה,שלחין,רגיל,128,128-3,128-3--2,מסילה,מסילה - 3,92,43,"שפד""ן בית קמה",92,plot,,,,,
בית קמה,שלחין,רגיל,128,128-4,128-4--1,מסילה,מסילה  - 4,129,44,"שפד""ן בית קמה",94,plot,,,,,
בית קמה,שלחין,רגיל,128,128-5,128-5--1,מסילה,מסילה - 5,89,45,"שפד""ן בית קמה",75,plot,,,,,
בית קמה,שלחין,רגיל,128,128-4,128-4--2,מסילה,מסילה  - 4,15,44,"שפד""ן בית קמה",15,plot,,,,,
בית קמה,שלחין,רגיל,128,128-5,128-5--2,מסילה,מסילה - 5,15,45,"שפד""ן בית קמה",15,plot,,,,,
בית קמה,שלחין,רגיל,128,128-4,128-4--3,מסילה,מסילה  - 4,102,44,"שפד""ן בית קמה",102,plot,,,,,
בית קמה,שלחין,רגיל,128,128-5,128-5--3,מסילה,מסילה - 5,45,45,"שפד""ן בית קמה",45,plot,,,,,
בית קמה,פלחה,רגיל,128-9,128-9,128-9,מסילה פלחה,מסילה פלחה,205,,,205,plot,,,,,
בית קמה,שלחין,אורגני,176,176,176,מצבה דרום,מצבה דרום,85,ביוב בית קמה,ביוב בית קמה,85,plot,,,,,
בית קמה,פלחה,רגיל,173,173,173-1,מצבה מזרח,מצבה מזרח,218,,,218,plot,,,,,
בית קמה,פלחה,רגיל,173,173,173-2,מצבה מזרח,מצבה מזרח,10,,,10,plot,,,,,
בית קמה,שלחין,אורגני,175,175-1,175-1,מצבה מרכז,מצבה מרכז - 1,90,ביוב בית קמה,ביוב בית קמה,90,plot,,,,,
בית קמה,שלחין,אורגני,175,175-2,175-2,מצבה מרכז,מצבה מרכז - 2,81,ביוב בית קמה,ביוב בית קמה,81,plot,,,,,
בית קמה,שלחין,אורגני,174,174-1,174-1--1,מצבה צפון,מצבה צפון - 1,42,92,"שפד""ן בית קמה",42,plot,,,,,
בית קמה,שלחין,אורגני,174,174-1,174-1--2,מצבה צפון,מצבה צפון - 1,38,92,"שפד""ן בית קמה",38,plot,,,,,
בית קמה,פלחה,אורגני,174,174-3,174-3,מצבה צפון,מצבה צפון - 3,67,,,67,plot,,,,,
בית קמה,שלחין,רגיל,131,131-1,131-1--1,משולשים 1,משולשים 1 דרום,93,34,"שפד""ן בית קמה",93,plot,,,,,
בית קמה,שלחין,רגיל,131,131-1,131-1--2,משולשים 1,משולשים 1 דרום,76,34,"שפד""ן בית קמה",76,plot,,,,,
בית קמה,שלחין,רגיל,131,131-2,131-2--1,משולשים 1,משולשים 1 צפון,52,34,"שפד""ן בית קמה",52,plot,,,,,
בית קמה,שלחין,רגיל,131,131-2,131-2--2,משולשים 1,משולשים 1 צפון,84,34,"שפד""ן בית קמה",70,plot,,,,,
בית קמה,שלחין,רגיל,131,131-3,131-3,משולשים 1,משולשים 1 מערב,47,34,"שפד""ן בית קמה",40,plot,,,,,
בית קמה,פלחה,רגיל,131-9,131-9,131-9--1,משולשים 1 פלחה,משולשים 1 פלחה,127,,,127,plot,,,,,
בית קמה,פלחה,רגיל,131-9,131-9,131-9--2,משולשים 1 פלחה,משולשים 1 פלחה,11,,,11,plot,,,,,
בית קמה,פלחה,רגיל,131-9,131-9,131-9--3,משולשים 1 פלחה,משולשים 1 פלחה,11,,,11,plot,,,,,
בית קמה,פלחה,רגיל,131-9,131-9,131-9--4,משולשים 1 פלחה,משולשים 1 פלחה,22,,,22,plot,,,,,
בית קמה,שלחין,רגיל,132,132-2,132-2,משולשים 2,משולשים 2 מרכז,103,34,"שפד""ן בית קמה",91,plot,,,,,
בית קמה,שלחין,רגיל,132,132-1,132-1,משולשים 2,משולשים 2 דרום,87,34,"שפד""ן בית קמה",74,plot,,,,,
בית קמה,פלחה,רגיל,132-9,132-9,132-9--1,משולשים 2 פלחה,משולשים 2 פלחה,20,,,20,plot,,,,,
בית קמה,פלחה,רגיל,132-9,132-9,132-9--2,משולשים 2 פלחה,משולשים 2 פלחה,185,,,185,plot,,,,,
בית קמה,פלחה,רגיל,133,133,133,משולשים 3,משולשים 3,505,,,505,plot,,,,,
מיגדה,שלחין,רגיל,1061,1061-2,1061-2,נעמה דרום,נעמה דרום - 2,108,114,"שפד""ן מיגדה",108,plot,,,,,
מיגדה,שלחין,רגיל,1061,1061-3,1061-3,נעמה דרום,נעמה דרום - 3,127,115,"שפד""ן מיגדה",127,plot,,,,,
מיגדה,שלחין,רגיל,1063,1063-2,1063-2,נעמה מרכז,נעמה מרכז - 2,41,114,"שפד""ן מיגדה",41,plot,,,,,
מיגדה,שלחין,רגיל,1063,1063-3,1063-3,נעמה מרכז,נעמה מרכז - 3,104,115,"שפד""ן מיגדה",104,plot,,,,,
מיגדה,שלחין,רגיל,1064,1064,1064,נעמה צפון,נעמה צפון,105,115,"שפד""ן מיגדה",105,plot,,,,,
בית קמה,שלחין,רגיל,137,137,137,סונול,סונול,159,3,"שפד""ן בית קמה",144,plot,,,,,
בית קמה,שלחין,אורגני,134,134-1,134-1--1,סיביר 1-2 דרום,סיביר - 1 דרום,33,21,"שפד""ן בית קמה",33,plot,,,,,
בית קמה,שלחין,אורגני,134,134-1,134-1--2,סיביר 1-2 דרום,סיביר - 1 דרום,39,21,"שפד""ן בית קמה",39,plot,,,,,
בית קמה,שלחין,אורגני,134,134-2,134-2,סיביר 1-2 דרום,סיביר - 2 דרום,62,22,"שפד""ן בית קמה",62,plot,,,,,
בית קמה,שלחין,אורגני,138,138-1,138-1,סיביר 1-2 צפון,סיביר - 1 צפון,116,21,"שפד""ן בית קמה",116,plot,,,,,
בית קמה,שלחין,אורגני,138,138-2,138-2,סיביר 1-2 צפון,סיביר - 2 צפון,113,22,"שפד""ן בית קמה",113,plot,,,,,
בית קמה,שלחין,רגיל,139,139-3,139-3,סיביר 3-4 דרום,סיביר - 3 דרום,99,23,"שפד""ן בית קמה",95,plot,,,,,
בית קמה,שלחין,רגיל,139,139-4,139-4,סיביר 3-4 דרום,סיביר - 4 דרום,114,24,"שפד""ן בית קמה",109,plot,,,,,
בית קמה,שלחין,רגיל,140,140-3,140-3,סיביר 3-4 צפון,סיביר - 3 צפון,83,23,"שפד""ן בית קמה",83,plot,,,,,
בית קמה,שלחין,רגיל,140,140-4,140-4,סיביר 3-4 צפון,סיביר - 4 צפון,162,24,"שפד""ן בית קמה",162,plot,,,,,
בית קמה,שלחין,רגיל,141,141,141-1,סיביר 5,סיביר - 5,23,24,"שפד""ן בית קמה",23,plot,,,,,
בית קמה,שלחין,רגיל,141,141,141-2,סיביר 5,סיביר - 5,92,24,"שפד""ן בית קמה",92,plot,,,,,
בית קמה,שלחין,רגיל,141,141,141-3,סיביר 5,סיביר - 5,87,24,"שפד""ן בית קמה",87,plot,,,,,
בית קמה,שלחין,רגיל,143,143-3,143-3--1,עגולה דרום,עגולה דרום - 3,42,53,"שפד""ן בית קמה",42,plot,,,,,
בית קמה,שלחין,רגיל,143,143-5,143-5,עגולה דרום,עגולה דרום - 5,80,55,"שפד""ן בית קמה",80,plot,,,,,
בית קמה,שלחין,רגיל,143,143-1,143-1--1,עגולה דרום,עגולה דרום - 1,67,51,"שפד""ן בית קמה",67,plot,,,,,
בית קמה,שלחין,רגיל,143,143-2,143-2--1,עגולה דרום,עגולה דרום - 2,97,52,"שפד""ן בית קמה",97,plot,,,,,
בית קמה,שלחין,רגיל,143,143-1,143-1--2,עגולה דרום,עגולה דרום - 1,94,51,"שפד""ן בית קמה",94,plot,,,,,
בית קמה,שלחין,רגיל,143,143-2,143-2--2,עגולה דרום,עגולה דרום - 2,60,52,"שפד""ן בית קמה",60,plot,,,,,
בית קמה,שלחין,רגיל,143,143-3,143-3--2,עגולה דרום,עגולה דרום - 3,93,53,"שפד""ן בית קמה",93,plot,,,,,
בית קמה,שלחין,רגיל,143,143-4,143-4--1,עגולה דרום,עגולה דרום - 4,42,54,"שפד""ן בית קמה",42,plot,,,,,
בית קמה,שלחין,רגיל,143,143-4,143-4--2,עגולה דרום,עגולה דרום - 4,17,54,"שפד""ן בית קמה",17,plot,,,,,
בית קמה,פלחה,רגיל,143-9,143-9,143-9,עגולה פלחה,עגולה פלחה,452,,,452,plot,,,,,
בית קמה,שלחין,רגיל,144,144-1,144-1,עגולה צפון,עגולה צפון - 1,35,51,"שפד""ן בית קמה",30,plot,,,,,
בית קמה,שלחין,רגיל,144,144-2,144-2,עגולה צפון,עגולה צפון - 2,70,52,"שפד""ן בית קמה",65,plot,,,,,
בית קמה,שלחין,רגיל,144,144-3,144-3,עגולה צפון,עגולה צפון - 3,76,53,"שפד""ן בית קמה",70,plot,,,,,
בית קמה,שלחין,רגיל,144,144-4,144-4,עגולה צפון,עגולה צפון - 4,38,54,"שפד""ן בית קמה",31,plot,,,,,
בית קמה,שלחין,רגיל,144,144-5,144-5,עגולה צפון,עגולה צפון - 5,73,55,"שפד""ן בית קמה",66,plot,,,,,
בית קמה,פלחה,רגיל,145,145,145-1,עץ 1,עץ 1,447,,,447,plot,,,,,
בית קמה,פלחה,רגיל,145,145,145-2,עץ 1,עץ 1,23,,,23,plot,,,,,
בית קמה,שלחין,רגיל,146,146-1,146-1,עץ 2,עץ 2,52,34,"שפד""ן בית קמה",52,plot,,,,,
בית קמה,פלחה,רגיל,146-9,146-9,146-9--1,עץ 2 פלחה,עץ 2 פלחה,234,,,234,plot,,,,,
בית קמה,פלחה,רגיל,146-9,146-9,146-9--2,עץ 2 פלחה,עץ 2 פלחה,16,,,16,plot,,,,,
בית קמה,פלחה,רגיל,147,147,147,עץ 3,עץ 3,204,,,204,plot,,,,,
בית קמה,שלחין,רגיל,155,155-1,155-1,פנמה כביש,פנמה כביש - 1,20,11,"שפד""ן בית קמה",20,plot,,,,,
בית קמה,שלחין,רגיל,155,155-2,155-2,פנמה כביש,פנמה כביש - 2,66,12,"שפד""ן בית קמה",70,plot,,,,,
בית קמה,שלחין,רגיל,155,155-3,155-3,פנמה כביש,פנמה כביש - 3,76,13,"שפד""ן בית קמה",57,plot,,,,,
בית קמה,שלחין,רגיל,148,148,148,פנמה מזרח,פנמה מזרח,78,11,"שפד""ן בית קמה",78,plot,,,,,
בית קמה,שלחין,רגיל,152,152-1,152-1,פנמה מערב,פנמה מערב - 1,47,11,"שפד""ן בית קמה",47,plot,,,,,
בית קמה,שלחין,רגיל,152,152-2,152-2,פנמה מערב,פנמה מערב - 2,49,12,"שפד""ן בית קמה",49,plot,,,,,
בית קמה,שלחין,רגיל,150,150-1,150-1,פנמה מרכז,פנמה מרכז - 1,42,11,"שפד""ן בית קמה",42,plot,,,,,
בית קמה,שלחין,רגיל,150,150-2,150-2,פנמה מרכז,פנמה מרכז - 2,19,12,"שפד""ן בית קמה",19,plot,,,,,
בית קמה,שלחין,אורגני,126,126-1,126-1--1,פרדס מזרח,פרדס מזרח - 1,53,61,"שפד""ן בית קמה",53,plot,,,,,
בית קמה,שלחין,אורגני,126,126-1,126-1--2,פרדס מזרח,פרדס מזרח - 1,32,61,"שפד""ן בית קמה",28,plot,,,,,
בית קמה,שלחין,אורגני,126,126-1,126-1--3,פרדס מזרח,פרדס מזרח - 1,72,61,"שפד""ן בית קמה",72,plot,,,,,
בית קמה,שלחין,אורגני,126,126-2,126-2--1,פרדס מזרח,פרדס מזרח - 2,25,62,"שפד""ן בית קמה",17,plot,,,,,
בית קמה,שלחין,אורגני,126,126-2,126-2--2,פרדס מזרח,פרדס מזרח - 2,11,62,"שפד""ן בית קמה",11,plot,,,,,
בית קמה,שלחין,אורגני,126,126-2,126-2--3,פרדס מזרח,פרדס מזרח - 2,127,62,"שפד""ן בית קמה",105,plot,,,,,
בית קמה,שלחין,רגיל,156,156-1,156-1--1,פרדס מערב,פרדס מערב - 1,75,63,"שפד""ן בית קמה",75,plot,,,,,
בית קמה,שלחין,רגיל,156,156-2,156-2--1,פרדס מערב,פרדס מערב - 2,75,64,"שפד""ן בית קמה",75,plot,,,,,
בית קמה,שלחין,רגיל,156,156-1,156-1--2,פרדס מערב,פרדס מערב - 1,109,63,"שפד""ן בית קמה",109,plot,,,,,
בית קמה,שלחין,רגיל,156,156-2,156-2--2,פרדס מערב,פרדס מערב - 2,116,64,"שפד""ן בית קמה",116,plot,,,,,
בית קמה,שלחין,רגיל,186,186,186,פרו,פרו,66,60,"שפד""ן בית קמה",66,plot,,,,,
בית קמה,פלחה,רגיל,158,158,158-1,צפון מזרח,צפון מזרח,271,,,237,plot,,,,,
בית קמה,פלחה,רגיל,158,158,158-2,צפון מזרח,צפון מזרח,53,,,53,plot,,,,,
בית קמה,שלחין,רגיל,159,159-1,159-1,צפון מערב,צפון מערב - 1,63,35,"שפד""ן בית קמה",73,plot,,,,,
בית קמה,שלחין,רגיל,159,159-2,159-2,צפון מערב,צפון מערב - 2,105,36,"שפד""ן בית קמה",108,plot,,,,,
בית קמה,פלחה,רגיל,159-9,159-9,159-9,צפון מערב פלחה,צפון מערב פלחה,55,,,55,plot,,,,,
בית קמה,פלחה,רגיל,170,170,170-1,קוברה,קוברה,48,,,48,plot,,,,,
בית קמה,פלחה,רגיל,170,170,170-2,קוברה,קוברה,9,,,9,plot,,,,,
מיגדה,שלחין,רגיל,1056,1056-1,1056-1--1,קטן דרום,קטן דרום - 1,103,121,"שפד""ן מיגדה",96,plot,,,,,
מיגדה,שלחין,רגיל,1056,1056-2,1056-2--1,קטן דרום,קטן דרום - 2,96,122,"שפד""ן מיגדה",90,plot,,,,,
מיגדה,שלחין,רגיל,1056,1056-1,1056-1--2,קטן דרום,קטן דרום - 1,77,121,"שפד""ן מיגדה",72,plot,,,,,
מיגדה,שלחין,רגיל,1056,1056-2,1056-2--2,קטן דרום,קטן דרום - 2,73,122,"שפד""ן מיגדה",68,plot,,,,,
מיגדה,שלחין,רגיל,1055,1055-1,1055-1,קטן צפון,קטן צפון - 1,53,121,"שפד""ן מיגדה",50,plot,,,,,
מיגדה,שלחין,רגיל,1055,1055-2,1055-2,קטן צפון,קטן צפון - 2,104,122,"שפד""ן מיגדה",100,plot,,,,,
בית קמה,שלחין,אורגני,164,164,164,רודוס,רודוס,174,61,"שפד""ן בית קמה",163,plot,,,,,
בית קמה,שלחין,רגיל,168,168-1,168-1,רוחמה דרום,רוחמה דרום - 1,126,81,"שפד""ן בית קמה",126,plot,,,,,
בית קמה,שלחין,רגיל,168,168-2,168-2,רוחמה דרום,רוחמה דרום - 2,113,82,"שפד""ן בית קמה",113,plot,,,,,
בית קמה,שלחין,רגיל,167,167,167,רוחמה מזרח,רוחמה מזרח,101,81,"שפד""ן בית קמה",101,plot,,,,,
בית קמה,פלחה,רגיל,166,166,166-1,רוחמה מערב,רוחמה מערב,15,,,15,plot,,,,,
בית קמה,שלחין,רגיל,166,166,166-2,רוחמה מערב,רוחמה מערב,164,82,"שפד""ן בית קמה",164,plot,,,,,
בית קמה,פלחה,רגיל,165,165,165-1,רוחמה פלחה,רוחמה פלחה,45,,,45,plot,,,,,
בית קמה,פלחה,רגיל,165,165,165-2,רוחמה פלחה,רוחמה פלחה,103,,,103,plot,,,,,
בית קמה,פלחה,רגיל,165,165,165-3,רוחמה פלחה,רוחמה פלחה,12,,,12,plot,,,,,
משמר הנגב,מטעים,רגיל,2010,2010,2010,רימונים,רימונים,515,,מאגר רהט,515,plot,,,,,
בית קמה,שלחין,רגיל,182,182-1,182-1,שובלים דרום,שובלים דרום - 1,84,71,"שפד""ן בית קמה",84,plot,,,,,
בית קמה,שלחין,רגיל,182,182-2,182-2,שובלים דרום,שובלים דרום - 2,81,72,"שפד""ן בית קמה",81,plot,,,,,
בית קמה,שלחין,רגיל,182,182-3,182-3,שובלים דרום,שובלים דרום - 3,87,73,"שפד""ן בית קמה",87,plot,,,,,
בית קמה,שלחין,רגיל,181,181-1,181-1,שובלים מרכז,שובלים מרכז - 1,69,71,"שפד""ן בית קמה",70,plot,,,,,
בית קמה,שלחין,רגיל,181,181-2,181-2,שובלים מרכז,שובלים מרכז - 2,63,72,"שפד""ן בית קמה",63,plot,,,,,
בית קמה,שלחין,רגיל,181,181-3,181-3,שובלים מרכז,שובלים מרכז - 3,68,73,"שפד""ן בית קמה",65,plot,,,,,
בית קמה,פלחה,רגיל,185,185,185-1,שובלים פלחה,שובלים פלחה,33,,,33,plot,,,,,
בית קמה,פלחה,רגיל,185,185,185-2,שובלים פלחה,שובלים פלחה,8,,,8,plot,,,,,
בית קמה,פלחה,רגיל,185,185,185-3,שובלים פלחה,שובלים פלחה,14,,,14,plot,,,,,
בית קמה,שלחין,רגיל,180,180-1,180-1,שובלים צפון,שובלים צפון - 1,75,71,"שפד""ן בית קמה",62,plot,,,,,
בית קמה,שלחין,רגיל,180,180-2,180-2,שובלים צפון,שובלים צפון - 2,69,72,"שפד""ן בית קמה",61,plot,,,,,
בית קמה,שלחין,רגיל,180,180-3,180-3,שובלים צפון,שובלים צפון - 3,77,73,"שפד""ן בית קמה",61,plot,,,,,
