plot,2003,2004,2005,2006,2007,2008,2009,2010,2011,2012,2013,2014,2015,2016,2017,2018
2001,אפונה,חיטה א',חיטה ב',אפונה,חיטה א',חיטה ב',חיטה ב',אפונה,חיטה א',חיטה ב',אפונה,חיטה א',חיטה ב',כרב נח,חיטה א',חיטה ב'
2002-1,,,,,,חיטה ב',חיטה ב',אפונה,תפוא,גזר,חיטה א',שעורה,תפוא,חיטה א',חיטה ב',שעורה
2002-2--1,,,,,,,חיטה ב',אפונה,תפוא,מללי+חיטה,חיטה א',שעורה,תפוא,חיטה א',חיטה ב',שעורה
2002-3--1,,,,,,,חיטה ב',אפונה,תפוא,מללי+חיטה,חיטה א',שעורה,תפוא,חיטה א',חיטה ב',שעורה
2002-2--2,,,,,,,חיטה ב',אפונה,תפוא,מללי+חיטה,חיטה א',שעורה,תפוא,חיטה א',חיטה ב',שעורה
2002-3--2,,,,,,,חיטה ב',אפונה,תפוא,מללי+חיטה,חיטה א',שעורה,תפוא,חיטה א',חיטה ב',שעורה
2003-1,,,,,,תפוא ,חיטה א',חיטה ב',אפונה,חיטה א',תפוא,גזר / מללי,חיטה א',חיטה ב',חימצה,תפוא
2003-2,,,,,,תפוא ,חיטה א',חיטה ב',אפונה,חיטה א',תפוא,גזר / מללי,חיטה א',חיטה ב',חימצה,תפוא
2003-3,,,,,,תפוא,חיטה א',חיטה ב',אפונה,חיטה א',תפוא,גזר / מללי,חיטה א',חיטה ב',חימצה,תפוא
2005-1,,,,,,חיטה א',תפוא,חיטה א',חיטה ב',אפונה,תפוא,חיטה א',חיטה ב',שעורה,תפוא,חיטה א'
2005-2,,,,,,חיטה א',תפוא,חיטה א',חיטה ב',אפונה,תפוא,חיטה א',חיטה ב',שעורה,תפוא,חיטה א'
2005-3,,,,,,חיטה א',חיטה ב',תפוא ,חיטה א',חיטה ב',אפונה,חיטה א',חיטה ב',שעורה,תפוא,חיטה א'
2005-4,,,,,,פפריקה,מללי,חיטה א',חיטה ב',תפוא,חיטה א',חיטה ב',שעורה / סורגום,תפוא,חיטה א',חיטה ב'
2005-5,,,,,,פפריקה,מללי,חיטה א',תפוא ,תפוא,חיטה א' + חיטה ב',חיטה ב',שעורה / סורגום,תפוא ,חיטה א',חיטה ב'
2006-1,,,,,,חיטה ב',חיטה ג',תפוא,חיטה א',חיטה ב',אפונה,תפוא ,חיטה א',חיטה ב',שעורה,תפוא
2006-2,,,,,,חיטה ב',חיטה ג',תפוא,חיטה א',חיטה ב',אפונה,תפוא,חיטה א',חיטה ב',שעורה,תפוא
2006-3,,,,,,חיטה א',חיטה ב',אפונה,חיטה א',תפוא,חיטה א',חיטה ב',שעורה / סורגום,תפוא,חיטה א',חיטה ב'
2006-4,,,,,,חיטה א',חיטה ב',אפונה,חיטה א',תפוא,חיטה א',חיטה ב',שעורה / סורגום,תפוא,חיטה א',חיטה ב'
2006-5,,,,,,פפריקה / חיטה א',מללי,חיטה א',חיטה ב',תפוא,חיטה א',חיטה ב',שעורה / סורגום,תפוא,חיטה א',חיטה ב'
2007-1--1,,,,,,חיטה ב',חיטה ב',תפוא ,חיטה א',חיטה ב',אפונה,תפוא,חיטה א',חיטה ב',שעורה,תפוא
2007-1--2,,,,,,חיטה ב',חיטה ב',תפוא,חיטה א',חיטה ב',אפונה,אפונה,,חיטה א',חיטה ב',שעורה
2007-1--3,,,,,,חיטה ב',חיטה ב',תפוא,חיטה א',חיטה ב',אפונה,אפונה,תפוא,חיטה א',חיטה ב',שעורה
2007-2--1,,,,,,חיטה ב',חיטה ב',תפוא,חיטה א',חיטה ב',אפונה,תפוא,חיטה א',חיטה ב',שעורה,תפוא
2007-2--2,,,,,,חיטה ב',חיטה ב',תפוא,חיטה א',חיטה ב',אפונה,אפונה,תפוא,חיטה א',חיטה ב',שעורה
2013-1,,,,,,תפוא,חיטה א',חיטה ב',אפונה,תפוא,חיטה א',חיטה ב',שעורה,תפוא,חיטה א',חיטה ב'
2013-2,,,,,,תפוא,חיטה א',חיטה ב',אפונה,תפוא,חיטה א',חיטה ב',שעורה,תפוא ,חיטה א',חיטה ב'
2013-3,,,,,,תפוא,חיטה א',חיטה ב',אפונה,תפוא,חיטה א',חיטה ב',שעורה,תפוא ,חיטה א',חיטה ב'
2013-4,,,,,,תפוא,חיטה א',חיטה ב',תפוא,חיטה א',חיטה ב',שעורה,תפוא,חיטה א',חיטה ב',שעורה
2014-1--1,,,,,,,חיטה ב',אפונה,תפוא ,חיטה א',חיטה ב',שעורה,תפוא,חיטה א',חיטה ב',חימצה
2014-2--1,,,,,,,חיטה ב',אפונה,תפוא,חיטה א',חיטה ב',שעורה,תפוא,חיטה א',חיטה ב',חימצה
2014-3--1,,,,,,,חיטה ב',אפונה,תפוא,חיטה א',חיטה ב',שעורה,תפוא,חיטה א',חיטה ב',חימצה
2014-1--2,,,,,,,חיטה ב',אפונה,תפוא ,חיטה א',חיטה ב',שעורה,תפוא,חיטה א',חיטה ב',שעורה
2014-2--2,,,,,,,חיטה ב',אפונה,תפוא ,חיטה א',חיטה ב',שעורה,תפוא,חיטה א',חיטה ב',שעורה
2014-3--2,,,,,,,חיטה ב',אפונה,תפוא ,חיטה א',חיטה ב',שעורה,תפוא,חיטה א',חיטה ב',שעורה
2015-1,,,,,,חיטה ב' + אפונה,תפוא ,חיטה ד' + חיטה א',תפוא ,חיטה א',חיטה ב',שעורה,תפוא,חיטה א',חיטה ב',שעורה
2015-2--1,,,,,,חיטה א',תפוא,חיטה א',חיטה ב',אפונה,חיטה א',תפוא,חיטה א',חיטה ב',שעורה,תפוא
2015-3--1,,,,,,חיטה א',תפוא,חיטה א',חיטה ב',אפונה,חיטה א',תפוא,חיטה א',חיטה ב',שעורה,תפוא
2015-4--1,,,,,,חיטה א',תפוא,חיטה א',חיטה ב',אפונה,חיטה א',תפוא,חיטה א',חיטה ב',שעורה,תפוא
2015-2--2,,,,,,חיטה א',תפוא ,חיטה א',חיטה ב',אפונה,תפוא,חיטה א',חיטה ב',שעורה / טף,תפוא,חיטה א'
2015-3--2,,,,,,חיטה א',תפוא ,חיטה א',חיטה ב',אפונה,תפוא,חיטה א',חיטה ב',שעורה / טף,תפוא,חיטה א'
2015-4--2,,,,,,,חיטה א',תפוא,חיטה א',חיטה ב',אפונה,תפוא,חיטה א',חיטה ב',מללי,חיטה א'
2015-2--3,,,,,,חיטה א',תפוא,חיטה א',חיטה ב',אפונה,תפוא,חיטה א',חיטה ב',שעורה / טף,תפוא,חיטה א'
2015-3--3,,,,,,חיטה א',תפוא,חיטה א',חיטה ב',אפונה,תפוא,חיטה א',חיטה ב',שעורה / טף,תפוא,חיטה א'
2015-4--3,,,,,,,חיטה א',תפוא / מללי,חיטה א',חיטה ב',אפונה,תפוא,חיטה א',חיטה ב',מללי,חיטה א'
2015-5,,,,,,חיטה א',תפוא,חיטה א',חיטה ב',אפונה,חיטה א',תפוא,חיטה א',חיטה ב',שעורה/מללי,תפוא
2016-1,,,,,,אפונה,תפוא,חיטה א',חיטה ב',אפונה,תפוא,חיטה א',חיטה ב',שעורה,תפוא,חיטה א'
2016-2,,,,,,אפונה,תפוא,חיטה א',חיטה ב',אפונה,תפוא,חיטה א',חיטה ב',שעורה,תפוא,חיטה א'
2017-1,,,,,,חיטה ב',חיטה ב',תפוא,חיטה א',חיטה ב',אפונה,תפוא,חיטה א',חיטה ב',שעורה,תפוא
2017-2,,,,,,חיטה ב',חיטה ב',תפוא,חיטה א',חיטה ב',אפונה,תפוא,חיטה א',חיטה ב',שעורה,תפוא
2018,,,,,,חיטה ב',חיטה ב',תפוא,תפוא,חיטה א',חיטה ב',אפונה,תפוא,חיטה א',חיטה ב',שעורה
2020,חיטה א',חיטה ב',אפונה,חיטה א',חיטה ב',אפונה,חיטה א',חיטה ב',אפונה,חיטה א',חיטה ב',אפונה,חיטה א',חיטה ב',שעורה,כרב נח
2021-1,,,,,,תפוא,חיטה א',תפוא,חיטה א',חיטה ב',אפונה,תפוא,חיטה א',חיטה ב',שעורה,תפוא
2021-2,,,,,,תפוא,חיטה א',תפוא,חיטה א',חיטה ב',אפונה,תפוא,חיטה א',חיטה ב',שעורה,תפוא
2022-1--1,,,,,,חיטה א',חיטה ב',אפונה,תפוא,חיטה א',חיטה ב',שעורה,תפוא,חיטה א',חיטה ב',שעורה
2022-2--1,,,,,,חיטה א',חיטה ב',אפונה,תפוא ,חיטה א',חיטה ב',שעורה,תפוא ,חיטה א',חיטה ב',שעורה
2022-3--1,,,,,,,חיטה ב',אפונה,תפוא ,חיטה א',חיטה ב',שעורה,תפוא,חיטה א',חיטה ב',שעורה
2022-2--2,,,,,,חיטה א',חיטה ב',אפונה,תפוא,חיטה א',חיטה ב',שעורה,תפוא,חיטה א',חיטה ב',שעורה
2022-3--2,,,,,,,חיטה ב',אפונה,תפוא ,חיטה א',חיטה ב',שעורה,תפוא ,חיטה א',חיטה ב',שעורה
2024-1,,,,חיטה א',מללי,חיטה א',תפוא ,חיטה א',חיטה ב',אפונה + כרב נח,תפוא,חיטה א',שעורה,כרב נח,תפוא,חיטה א'
2024-2,,,,חיטה א',מללי,חיטה א',תפוא ,חיטה א',חיטה ב',אפונה + כרב נח,תפוא,חיטה א',שעורה,כרב נח,תפוא,חיטה א'
2025,חיטה א',חיטה ב',אפונה,חיטה א',חיטה ב',אפונה,חיטה א',חיטה ב',אפונה,חיטה א',חיטה ב',אפונה,חיטה א' + כרב נח,חיטה ב' + כרב נח,שעורה,כרב נח
2027,,,,,,תפוא,חיטה א',חיטה ב',אפונה,חיטה א',תפוא,חיטה א',שעורה,כרב נח,תפוא,חיטה א'
2033-1,,,,,,תפוא,חיטה א',תפוא,חיטה א',חיטה ב',אפונה,תפוא,חיטה א',חיטה ב',שעורה,תפוא
2033-2,,,,,,תפוא,חיטה א',תפוא ,חיטה א',חיטה ב',אפונה,תפוא,חיטה א',חיטה ב',שעורה,תפוא
2034,חיטה א',חיטה ב',אפונה,חיטה א',חיטה ב',תפוא,חיטה א',חיטה ב',תפוא,תפוא ,חיטה א',חיטה ב',חיטה ג',תפוא,חיטה א',חיטה ב'
2036-1,,,,,,,חיטה ב',חיטה ב',כרב נח,חיטה א',גזר,כרב נח,כרב נח,כרב נח,תפוא,פפריקה
2036-2--1,חיטה א',כרב נח,חיטה א',תילתן,חיטה א',כרב נח,חיטה א',חיטה ב',כרב נח,חיטה א' + (גזר / פפריקה),תפוא,שמיר,כרב נח,פפריקה,כרב נח,גזר
2036-3--1,חיטה א',כרב נח,חיטה א',תילתן,חיטה א',כרב נח,חיטה א',חיטה ב',כרב נח,חיטה א' + (גזר / פפריקה),תפוא,שמיר,כרב נח,פפריקה,כרב נח,גזר
2036-2--2,חיטה א',כרב נח,חיטה א',תילתן,חיטה א',כרב נח,חיטה א',חיטה ב',כרב נח,חיטה א' + (גזר / פפריקה),חיטה,שמיר,כרב נח,חיטה א',תפוא,גזר
2036-3--2,חיטה א',כרב נח,חיטה א',תילתן,חיטה א',כרב נח,חיטה א',חיטה ב',כרב נח,חיטה א' + (גזר / פפריקה),חיטה,שמיר,כרב נח,חיטה א',תפוא,גזר
2036-2--3,חיטה א',כרב נח,חיטה א',תילתן,חיטה א',כרב נח,חיטה א',חיטה ב',כרב נח,חיטה א' + (גזר / פפריקה),חיטה,כרב נח,גזר,כרב נח,לא רשום,כרב נח
2036-3--3,חיטה א',כרב נח,חיטה א',תילתן,חיטה א',כרב נח,חיטה א',חיטה ב',כרב נח,חיטה א' + (גזר / פפריקה),גזר,כרב נח,כרב נח,כרב נח,לא רשום,פפריקה
2036-2--4,חיטה א',כרב נח,חיטה א',תילתן,חיטה א',כרב נח,חיטה א',חיטה ב',כרב נח,חיטה א' + (גזר / פפריקה),חיטה,כרב נח,כרב נח,גזר,חיטה א',כרב נח
2038-1,חיטה א',כרב נח,חיטה א',כרב נח,חיטה א',תפוא,פפריקה,חיטה א',תפוא,גזר,חיטה א',כרב נח,פפריקה,כרב נח,תפוא,גזר
2038-2,חיטה א',כרב נח,חיטה א',כרב נח,חיטה א',תפוא,פפריקה,חיטה א',שמיר,חיטה א',גזר,תפוא,פפריקה,כרב נח,חיטה ב',תפוא
2041-1,,,,,,חיטה א',חיטה ב',חיטה ג',מללי,חיטה א',חיטה ב',אפונה,חיטה א',חיטה ב',כרב נח,כרב נח
2041-2--1,,,,,,חיטה א' + אספסת,חיטה ב' + אספסת,חיטה ג' + אספסת,מללי + אספסת,חיטה א' + אספסת,חיטה ב' + חיטה א',אפונה,חיטה א',גזר,תפוא,פפריקה
2041-2--2,,,,,,,חיטה ב',חיטה ב',כרב נח,חיטה א',חיטה ב',לא רשום,לא רשום,גזר,תפוא,כרב נח
2043,חיטה א',כרב נח,חיטה א',תילתן,חיטה א',אפונה,חיטה א',חיטה ב',כרב נח,חיטה א',חיטה ב',כרב נח,חיטה א',חיטה ב',כרב נח,חיטה א'
2044,,,,,,,חיטה א',חיטה ב',כרב נח,חיטה א',חיטה ב',גזר,כרב נח,תפוא,פפריקה,חיטה א'
2045-1,,,,,,,חיטה א',חיטה ב',לא רשום,לא רשום,חיטה א',כרב נח,כרב נח,לא רשום,לא רשום,חיטה א'
2045-2,,,,,,,חיטה א',חיטה ב',כרב נח,חיטה א',חיטה ב',כרב נח,כרב נח,חיטה א',כרב נח,חיטה א'
2046-1,,,,,,,חיטה א',חיטה ב',כרב נח,חיטה א',חיטה ב',שעורה,כרב נח,גזר,תפוא,פפריקה
2046-2,,,,,,,חיטה א',חיטה ב',כרב נח,חיטה א',חיטה ב',שעורה,כרב נח,גזר,תפוא,פפריקה
2048,חיטה א',חיטה ב',,,,,,אפונה,חיטה א',חיטה ב',אפונה,חיטה א',חיטה ב',כרב נח,חיטה א',חיטה ב'
1057,,מללי,חיטה א',חיטה ב',תפוא,תפוא,חיטה א',כרב נח,חיטה א',גזר,תפוא,חיטה א',חיטה ב',חיטה ג',תפוא,חיטה א'
1058,,,,,,,חיטה ב',כרב נח,חיטה א',כרב נח,חיטה א',תפוא,חיטה א',גזר,חיטה א',חיטה ב'
1059-1,,,,,,,חיטה ב',כרב נח,חיטה א',כרב נח,חיטה א',שעורה,כרב נח,חיטה א',כרב נח,חיטה א'
1059-2,,,,,,,חיטה ב',כרב נח,חיטה א',כרב נח,חיטה א',שעורה,כרב נח,חיטה א',כרב נח,חיטה א'
2219-1,,,,,,תפוא,חיטה א',תפוא,חיטה א',חיטה ב',אפונה,תפוא,חיטה א',חיטה ב',שעורה,תפוא
2219-2,,,,,,תפוא,חיטה א',תפוא ,חיטה א',חיטה ב',אפונה,תפוא,חיטה א',חיטה ב',שעורה,תפוא
2019-1,,,,,,תפוא,חיטה א',חיטה ב',אפונה,חיטה א',תפוא,חיטה א',חיטה ב',שעורה,תפוא,חיטה א'
2019-2,,,,,,תפוא,חיטה א',חיטה ב',אפונה,חיטה א',תפוא,חיטה א',חיטה ב',שעורה,תפוא,חיטה א'
2022-1--2,,,,,,חיטה א',חיטה ב',אפונה,כרב נח,חיטה א',חיטה ב',שעורה,כרב נח,חיטה א',חיטה ב',שעורה
2022-3,,,,,,,חיטה ב',אפונה,כרב נח,חיטה א',חיטה ב',שעורה,כרב נח,חיטה א',חיטה ב',שעורה
2034-9,חיטה א',חיטה ב',אפונה,חיטה א',חיטה ב',תפוא,חיטה א',חיטה ב',אפונה,חיטה א',חיטה ב',חיטה ג',כרב נח,חיטה א',חיטה ב',שעורה
2035,חיטה א',כרב נח,חיטה א',תילתן,חיטה א',כרב נח,חיטה א',חיטה ב',כרב נח,חיטה א',חיטה ב',כרב נח,גזר,תפוא,פפריקה,חיטה א'
2036-9--1,,,,,,,לא רשום,חיטה ב',לא רשום,לא רשום,חיטה א',כרב נח,כרב נח,כרב נח,לא רשום,חיטה א'
2036-9--2,חיטה א',כרב נח,חיטה א',תילתן,חיטה א',כרב נח,חיטה א',חיטה ב',כרב נח,חיטה א',חיטה ב',כרב נח,כרב נח,כרב נח,כרב נח,חיטה א'
2039-1--1,חיטה א',כרב נח,חיטה א',כרב נח,חיטה א',תפוא,תפוא ,גזר + (חיטה / פפריקה),חיטה א',חיטה ב',חיטה א',תפוא,גזר,חיטה א',פפריקה,חיטה לתחמיץ
2039-1--2,חיטה א',כרב נח,חיטה א',כרב נח,חיטה א',תפוא ,תפוא ,גזר + (חיטה / פפריקה),חיטה א',חיטה ב',פפריקה,כרב נח,תפוא,גזר,חיטה א',פפריקה
2039-1--3,חיטה א',כרב נח,חיטה א',כרב נח,חיטה א',תפוא,תפוא ,גזר + (חיטה / פפריקה),חיטה א',חיטה ב',גזר,תפוא,כרב נח,פפריקה,כרב נח,חיטה לתחמיץ
2039-1--4,חיטה א',כרב נח,חיטה א',כרב נח,חיטה א',תפוא ,תפוא ,גזר + (חיטה / פפריקה),חיטה א',גזר,חיטה א',תפוא,כרב נח,פפריקה,כרב נח,גזר
2039-2--1,חיטה א',כרב נח,חיטה א',כרב נח,חיטה א',תפוא ,תפוא,גזר,חיטה א',חיטה ב',חיטה א' + חיטה ב',גזר,תפוא,חיטה,פפריקה,חיטה לתחמיץ
2039-2--2,חיטה א',כרב נח,חיטה א',כרב נח,חיטה א',תפוא ,תפוא ,גזר,חיטה א',חיטה ב' / פפריקה,חיטה א' + חיטה ב',תפוא,גזר,חיטה,כרב נח,חיטה לתחמיץ
2039-2--3,חיטה א',כרב נח,חיטה א',כרב נח,חיטה א',תפוא,תפוא ,חיטה / פפריקה,חיטה א',חיטה ב',חיטה א' + חיטה ב',תפוא,כרב נח,פפריקה,כרב נח,גזר
2004-1,,,,,,פפריקה,מללי,תפוא,חיטה א',גזר / חיטה ב',אפונה,תפוא,חיטה א',חיטה ב',שעורה,תפוא
2004-2,,,,,,פפריקה,מללי,תפוא,חיטה א',גזר / חיטה ב',אפונה,תפוא,חיטה א',חיטה ב',שעורה,תפוא
2004-3,,,,,,פפריקה,מללי,תפוא,חיטה א',גזר / חיטה ב',חיטה א',תפוא,חיטה א',חיטה ב',שעורה,תפוא
2204-1,,,,,,חיטה א',תפוא,חיטה א',חיטה ב',גזר / אפונה,תפוא,חיטה א',חיטה ב',חימצה,תפוא,חיטה א'
2204-2,,,,,,חיטה א',תפוא,חיטה א',חיטה ב',גזר / אפונה,תפוא,חיטה א',חיטה ב',שעורה,תפוא,חיטה א'
2204-3,,,,,,חיטה א',תפוא,חיטה א',חיטה ב',גזר / אפונה,תפוא,חיטה א',חיטה ב',שעורה,תפוא,חיטה א'
2046-9,,,,,,,חיטה א',חיטה ב',כרב נח,חיטה א',חיטה ב',שעורה,כרב נח,חיטה א',כרב נח,חיטה א'
2049-1--1,חיטה א',כרב נח,חיטה א',כרב נח,חיטה א',תפוא, תפוא,חיטה ב' + חיטה א',גזר,חיטה א',תפוא,כרב נח,כרב נח,חיטה א',חיטה+כרב,תפוא
2049-1--2,חיטה א',כרב נח,חיטה א',כרב נח,חיטה א',תפוא,תפוא,חיטה ב' + חיטה א',גזר,חיטה א',תפוא,כרב נח,כרב נח,חיטה א',חיטה+כרב,חיטה לתחמיץ
2049-1--3,חיטה א',כרב נח,חיטה א',כרב נח,חיטה א',תפוא, תפוא,חיטה ב' + חיטה א',גזר,חיטה א',תפוא,פפריקה,כרב נח,חיטה א',גזר,חיטה לתחמיץ
2049-2--1,חיטה א',כרב נח,חיטה א',כרב נח,חיטה א',תפוא,תפוא,חיטה ב' + חיטה א',גזר,חיטה א',תפוא,כרב נח,כרב נח,חיטה א',פפריקה,חיטה א'
2049-2--2,חיטה א',כרב נח,חיטה א',כרב נח,חיטה א',תפוא, תפוא,חיטה ב' + חיטה א',גזר,חיטה א',חיטה ב',תפוא,כרב נח,חיטה א',גזר,חיטה לתחמיץ
2049-2--3,חיטה א',כרב נח,חיטה א',כרב נח,חיטה א',תפוא,תפוא,חיטה ב' + חיטה א',גזר,חיטה א',חיטה ב',פפריקה,כרב נח,תפוא,גזר,חיטה לתחמיץ
2008-1--1,,,,,,אפונה,חיטה א',חיטה ב',תפוא,תפוא,חיטה א',חיטה ב',שעורה,תפוא,חיטה א',חימצה
2008-1--2,,,,,,אפונה,חיטה א',חיטה ב',תפוא,תפוא,חיטה א',חיטה ב',שעורה,תפוא ,חיטה א',חיטה ב'
2008-2,,,,,,אפונה,חיטה א',חיטה ב',תפוא,תפוא,חיטה א',חיטה ב',שעורה,תפוא ,חיטה א',חיטה ב'
2208,חיטה א',חיטה ב',אפונה,חיטה א',חיטה ב',אפונה,חיטה א',חיטה ב',אפונה,חיטה א',חיטה ב',אפונה,חיטה א',חיטה ב',שעורה,אבטיח
2009-1,,,,,,חיטה ב',חיטה ג',אפונה,מללי,חיטה א',חיטה ב',חיטה א',תפוא,חיטה א',חיטה ב',שעורה
2009-2,,,,,,חיטה ב',חיטה ג',אפונה,מללי,חיטה א',חיטה ב',חיטה א',תפוא,חיטה א',חיטה ב',שעורה
2209-1,,,,,, מללי,חיטה א',חיטה ב',אפונה,תפוא ,חיטה א',חיטה א',שעורה,תפוא ,חיטה א',חימצה
2209-2,,,,,, מללי,חיטה א',חיטה ב',אפונה,תפוא,חיטה א',חיטה א',שעורה,תפוא ,חיטה א',חימצה
2026-1--1,,,,,,תפוא,חיטה א',חיטה ב',אפונה,חיטה א',תפוא,חיטה א',חיטה ב',שעורה,תפוא,חיטה א'
2026-2--1,,,,,,תפוא,חיטה א',חיטה ב',אפונה,חיטה א',תפוא,חיטה א',חיטה ב',שעורה,תפוא,חיטה א'
2026-1--2,,,,,,חיטה א',חיטה ב',חיטה ב',אפונה,תפוא,חיטה א',חיטה ב',שעורה,תפוא,חיטה א',חימצה
2026-2--2,,,,,,חיטה א',חיטה ב',חיטה ב',אפונה,תפוא,חיטה א',חיטה ב',שעורה,תפוא,חיטה א',חימצה
101,,,,מללי,תפוא,חיטה א',תפוא,חיטה א',חיטה ב',גזר,חיטה א',תפוא,חיטה א',חיטה ב',שעורה,תפוא
183-1,,,חיטה ב',חומוס,תפוא,חיטה א',חיטה ב',חיטה ב',גזר + חיטה א',תפוא,חיטה א',חיטה ב',שעורה,תפוא,חיטה א',חיטה ב'
183-2,,,חיטה ב',חומוס,תפוא,חיטה א',חיטה ב',חיטה ב',גזר + חיטה א',תפוא,חיטה א',חיטה ב',שעורה,תפוא,חיטה א',חיטה ב'
183-3,,,חיטה ב',חומוס,תפוא,חיטה א',חיטה ב',חיטה ב',גזר + חיטה א',תפוא,חיטה א',חיטה ב',שעורה,תפוא,חיטה א',חיטה ב'
102-1,,,,חיטה ב',חומוס,חיטה א',חיטה ב',חיטה ג',אפונה,חיטה א',חיטה ב',אפונה,חיטה א',חיטה ב',שעורה,חימצה בעל
102-2,,,,חיטה ב',חומוס,חיטה א',חיטה ב',חיטה ג',אפונה,חיטה א',חיטה ב',אפונה,חיטה א',חיטה ב',שעורה,כרב נח
102-3,,,,חיטה ב',חומוס,חיטה א',חיטה ב',חיטה ג',אפונה,חיטה א',חיטה ב',אפונה,חיטה א',חיטה ב',שעורה,כרב נח
105,,,,חיטה ב',חומוס,חיטה א',חיטה ב',אפונה,חיטה א',חיטה ב',אפונה,חיטה א',חיטה ב',שעורה,תלתן,חיטה א'
106,,,,חיטה ב',חומוס,חיטה א',חיטה ב',אפונה,חיטה א',חיטה ב',אפונה,חיטה א',חיטה ב',שעורה,תלתן,חיטה א'
107,,,,חיטה ב',חומוס,חיטה א',חיטה ב',אפונה,חיטה א',חיטה ב',אפונה,חיטה א',חיטה ב',שעורה,תלתן,חיטה א'
108,,,,חיטה ב',כרב נח,חיטה א',חיטה ב',אפונה,חיטה א',חיטה ב',אפונה,חיטה א',חיטה ב',שעורה,תלתן,חיטה א'
109,,,,,,,חיטה ב',תלתן,חיטה א',חיטה ב',אפונה,חיטה א',חיטה א',חיטה ב',שעורה,כרב נח
184-1,,,אפונה,חיטה א',חיטה ב',תפוא,תפוא ,חיטה א',גזר + חיטה ב',חיטה א' + פפריקה,תפוא,חיטה א' + חיטה ב',שעורה,כרב נח,תפוא,חיטה א'
184-2,,,אפונה,חיטה א',חיטה ב',תפוא,תפוא ,חיטה א',גזר + חיטה ב',חיטה א' + פפריקה,תפוא,חיטה א' + חיטה ב',שעורה,כרב נח,תפוא,חיטה א'
110,,,,חיטה ב',חומוס,חיטה א',חיטה ב',אפונה,תפוא,חיטה א',תפוא,חיטה א',חיטה ב',שעורה,כרב נח,חיטה א'
111-1,,,תפוא ,חיטה א',גזר,חיטה א',תפוא,חיטה א',חיטה ב',אפונה,תפוא,חיטה א',חיטה ב' + כרב נח,חיטה ג' + חיטה א',תפוא,חיטה א'
111-2,,,תפוא ,חיטה א',גזר,חיטה א',תפוא,חיטה א',חיטה ב',אפונה,תפוא,חיטה א',חיטה ב' + גזר,חיטה ג' + חיטה א',תפוא,חיטה א'
113-1,,,חיטה,תפוא,חיטה א',פפריקה,מללי,חיטה א',תפוא,חיטה א',גזר/מללי,חיטה א',תפוא,חיטה א',חיטה ב',שעורה
113-2,,,חיטה,תפוא,חיטה א',פפריקה,מללי,חיטה א',תפוא,חיטה א',גזר/מללי,חיטה א',תפוא,חיטה א',חיטה ב',שעורה
112-1,,,חיטה / גזר קיץ,חיטה א',תפוא ,פפריקה,מללי,חיטה א',חיטה ב',תפוא ,חיטה א',גזר,חיטה א',תפוא,חיטה א',חיטה ב'
112-2,,,חיטה / גזר קיץ,חיטה א',תפוא ,פפריקה,מללי,חיטה א',חיטה ב',תפוא,חיטה א',גזר,חיטה א',תפוא,חיטה א',חיטה ב'
114-11,,,,חיטה ב',חומוס,חיטה א',חיטה ב',אפונה,חיטה א',חיטה ב', תפוא,חיטה א',חיטה ב',שעורה,מללי,חיטה א'
1051-1,,מללי,פפריקה,מללי,תפוא ,חיטה א',חיטה ב',פטרוזיליה,חיטה א',תפוא,חיטה א',מללי,שעורה,תפוא,חיטה א',בצל
1051-2,,מללי,פפריקה,מללי,תפוא,חיטה א',חיטה ב',פטרוזיליה,חיטה א',תפוא,חיטה א',חיטה ב',שעורה,תפוא,חיטה א',בצל
1053-1,,פפריקה,מללי,תפוא,חיטה א',פטרוזיליה,חיטה א',גזר,חיטה א',תפוא ,חיטה א',חיטה ב',שעורה,תפוא,חיטה א',חימצה
1053-2,,פפריקה,מללי,תפוא,חיטה א',פטרוזיליה,חיטה א',גזר,חיטה א',תפוא ,חיטה א' + סלרי,חיטה א' + חיטה ב',שעורה,תפוא,חיטה א',חימצה
1053-3,,פפריקה,מללי,תפוא,חיטה א',גזר,חיטה א' + גזר,חיטה ב' + פטרוזיליה,תפוא,חיטה א',סלרי,חיטה א',תפוא,חיטה א',חיטה א',חימצה
1054-1,,חיטה א',תפוא ,חיטה א',פפריקה,חיטה א',תפוא,חיטה א',פטרוזיליה,חיטה א',תפוא,חיטה א',מללי,חיטה א',תפוא,חיטה א'
1054-2,,חיטה א',תפוא,חיטה א',פפריקה,חיטה א',תפוא,חיטה א',פטרוזיליה,חיטה א',תפוא,חיטה א',מללי,חיטה א',תפוא,חיטה א'
1054-3,,חיטה א',תפוא ,חיטה א',מללי,חיטה א',תפוא,חיטה א',פטרוזיליה,חיטה א',תפוא,חיטה א',מללי,חיטה א',תפוא,חיטה א'
1050-1,,מללי,חיטה א',תפוא,חיטה א',,,גזר,תפוא,חיטה א',חיטה ב',שעורה,כרב נח,חיטה א',חימצה,חיטה א'
1050-2,,מללי,חיטה א',תפוא,חיטה א',חיטה ב',כרב נח,גזר,תפוא,חיטה א',חיטה ב',שעורה,תפוא,חיטה א',חימצה,חיטה א'
1050-3,,מללי,חיטה א',תפוא,חיטה א',חיטה ב',כרב נח,גזר,תפוא,חיטה א',חיטה ב',שעורה,תפוא,חיטה א',חימצה,חיטה א'
115-1,,,,חיטה א',חיטה ב',אפונה,חיטה א',חיטה ב',אפונה,חיטה א',חיטה ב',כרב נח,חיטה א',חיטה ב',שעורה,אבטיח
115-2,,,,,,,אפונה,חיטה א',חיטה ב',כרב נח,חיטה א',חיטה ב',אפונה,חיטה א',חיטה ב',אבטיח
115-3,,,,,,,אפונה,חיטה א',חיטה ב',כרב נח,חיטה א',חיטה ב',אפונה,חיטה א',חיטה ב',אבטיח
116,,,,חיטה א',חיטה ב',אפונה,חיטה א',חיטה ב',אפונה,חיטה א',חיטה ב',כרב נח,חיטה א',חיטה ב',שעורה,אבטיח
117,,,,חיטה א',חיטה ב',אפונה,חיטה א',חיטה ב',אפונה,חיטה א',חיטה ב',כרב נח,חיטה א',חיטה ב',שעורה,אבטיח
2037, תפוא,מללי,חיטה א',חיטה ב',מללי,כרב נח,חיטה א',חיטה ב',כרב נח,חיטה א',חיטה ב',כרב נח,גזר,כרב נח,כרב נח,תפוא
311,,,,,,,חיטה,גזר,חיטה א',חוחובה,חוחובה,חוחובה,חוחובה,חוחובה,חוחובה,חוחובה
312,,,,,,,חיטה,גזר,חיטה א',חוחובה,חוחובה,חוחובה,חוחובה,חוחובה,חוחובה,חוחובה
315,,,,,,,חיטה ב',,,,,,,חוחובה,חוחובה,חוחובה
316,,,,מללי,חיטה א',חיטה ב',חיטה ב',אפונה,חיטה א',חיטה ב',אפונה,חיטה א',חיטה ב',חיטה ב',חוחובה,חוחובה
120-1--1,,,חיטה א',פפריקה,מללי,תפוא,חיטה א',חיטה ב',כרב נח,חיטה א',תפוא ,חיטה א',חיטה ב',שעורה,תפוא,חיטה א'
120-2--1,,,חיטה א',פפריקה,מללי,תפוא,חיטה א',חיטה ב',כרב נח,חיטה א',תפוא ,חיטה א',חיטה ב',שעורה,תפוא,חיטה א'
120-1--2,,,גזר  / פפריקה,תפוא,חיטה א',חיטה ב',חיטה ב',אפונה,תפוא,חיטה א',סלרי / מללי,חיטה א',תפוא,חיטה א',חיטה ב',שעורה
120-2--2,,,גזר  / פפריקה,תפוא,חיטה א',חיטה ב',חיטה ב',אפונה,תפוא,חיטה א',סלרי / מללי,חיטה א',תפוא,חיטה א',חיטה ב',שעורה
121-3,,,,מללי,חיטה א',חיטה ב',חיטה ב',אפונה,תפוא ,חיטה א' + חיטה ב',אפונה,חיטה א',חיטה ב',שעורה,מללי,חיטה א'
121-4,,,,מללי,חיטה א',חיטה ב',חיטה ב',אפונה,תפוא ,חיטה א' + חיטה ב',אפונה,חיטה א',חיטה ב',שעורה,מללי,חיטה א'
122-3,,,פפריקה,תפוא,חיטה א',חיטה ב',חיטה ב',אפונה,תפוא,חיטה א',חיטה ב',שעורה,תפוא,חיטה א',חיטה ב',שעורה
122-4,,,פפריקה,תפוא,חיטה א',חיטה ב',חיטה ב',אפונה,תפוא,חיטה א',חיטה ב',שעורה,תפוא,חיטה א',חיטה ב',שעורה
125-2,,,חיטה,פפריקה,מללי,חיטה א',חיטה ב',תפוא,חיטה א',סלרי / מללי,חיטה א',תפוא / מללי,סלרי / חיטה א',חיטה א' + חיטה ב',חיטה ב',תפוא
125-3,,,תפוא,חיטה א',גזר + תירס,חיטה א',תפוא,חיטה א',גזר + חיטה ב',חיטה א' + מללי,תפוא,חיטה א',חיטה ב',שעורה,תפוא,שעורה
125-4,,,תפוא,חיטה א',גזר + תירס,חיטה א',תפוא,חיטה א',גזר + חיטה ב',חיטה א' + מללי,תפוא,חיטה א',חיטה ב',שעורה,תפוא,שעורה
125-1,,,חיטה ,פפריקה,מללי,חיטה א',תפוא,תפוא,גזר,חיטה א',חיטה ב',תפוא / מללי,חיטה א',חיטה ב',חיטה,תפוא
129-1,,,,,,,,חיטה א',חיטה ב',אפונה,חיטה א',חיטה ב',תפוא,חיטה א',חיטה ב',שעורה
129-2,,,,,,,,חיטה א',חיטה ב',אפונה,חיטה א',חיטה ב',תפוא,חיטה א',חיטה ב',שעורה
129-3,,,,,,,,חיטה א',חיטה ב',אפונה,חיטה א',חיטה ב',תפוא,חיטה א',חיטה ב',שעורה
129-9,,,,,,,,חיטה א',חיטה ב',אפונה,חיטה א',חיטה ב',כרב נח,חיטה א',חיטה ב',שעורה
127-1,,,חיטה,חיטה ב',תפוא,כרב נח,חיטה א',גזר + חיטה ב',תפוא,חיטה א',חיטה ב',פפריקה,חיטה א',חיטה ב',גזר,חיטה לתחמיץ
127-2--1,,,חיטה,חיטה ב',תפוא,כרב נח,חיטה א',גזר + חיטה ב',כרב נח,תפוא + חיטה א',חיטה א',פפריקה,חיטה א',חיטה ב',גזר,חיטה לתחמיץ
127-2--2,,,חיטה,חיטה ב',תפוא,כרב נח,חיטה א',גזר + חיטה ב',כרב נח,תפוא + חיטה א',חיטה א',כרב נח,חיטה א',חיטה ב',כרב נח,חיטה א'
103,,,,מללי,חיטה א',חיטה ב',חיטה ב',אפונה,חיטה א',חיטה ב',אפונה,חיטה א',חיטה ב',חיטה ב',כרב נח,חיטה א'
128-1--1,,,,,,,בקיה,חיטה א',חיטה ב',אפונה,חיטה א',חיטה ב',תפוא,חיטה א',חיטה ב',שעורה
128-2--1,,,,,,,בקיה,חיטה א',חיטה ב',אפונה,חיטה א',חיטה ב',תפוא,חיטה א',חיטה ב',שעורה
128-1--2,,,,,,,בקיה,חיטה א',חיטה ב',אפונה,חיטה א',חיטה ב',שעורה,תפוא,חיטה א',חיטה ב'
128-2--2,,,,,,,בקיה,חיטה א',חיטה ב',אפונה,חיטה א',חיטה ב',שעורה,תפוא,חיטה א',חיטה ב'
128-3--1,,,,,,,בקיה,חיטה א',חיטה ב',אפונה,חיטה א',חיטה ב',שעורה,תפוא,חיטה א',חיטה ב'
128-3--2,,,,,,,בקיה,חיטה א',חיטה ב',אפונה,חיטה א',חיטה ב',שעורה,תפוא,תפוא,חיטה א'
128-4--1,,,,,,,בקיה,חיטה א',חיטה ב',אפונה,חיטה א',חיטה ב',שעורה,כרב נח,תפוא,גזר
128-5--1,,,,,,,בקיה,חיטה א',חיטה ב',אפונה,חיטה א',חיטה ב',שעורה,כרב נח,תפוא,גזר
128-4--2,,,,,,,בקיה,חיטה א',חיטה ב',אפונה,חיטה א',חיטה ב',שעורה,כרב נח,תפוא,גזר
128-5--2,,,,,,,בקיה,חיטה א',חיטה ב',אפונה,חיטה א',חיטה ב',שעורה,כרב נח,תפוא,גזר
128-4--3,,,,,,,בקיה,חיטה א',חיטה ב',אפונה,חיטה א',חיטה ב',שעורה,כרב נח,תפוא,חיטה א'
128-5--3,,,,,,,בקיה,חיטה א',חיטה ב',אפונה,חיטה א',חיטה ב',שעורה,כרב נח,תפוא,חיטה א'
128-9,,,,,,,בקיה,חיטה א',חיטה ב',אפונה,חיטה א',חיטה ב',שעורה,כרב נח,חיטה א',חיטה ב'
176,,,,,,,אספסת,אספסת,אספסת,אספסת,חיטה א',חיטה ב',אפונה,חיטה,כרב נח,חיטה א'
173-1,,,,מללי,חיטה א',חיטה ב',חיטה ב',תלתן,חיטה א',חיטה ב',אפונה,חיטה א',חיטה ב',שעורה,כרב נח,חיטה א'
173-2,,,,,,,חיטה,תלתן,חיטה א',חיטה ב',אפונה,חיטה א',חיטה,שעורה,כרב נח,חיטה א'
175-1,,,,,,,חיטה,סורגום+חיטה,אפונה,חיטה,חיטה ב',אפונה,חיטה א',חיטה ב',חיטה ב',חיטה ב'
175-2,,,,,,,חיטה,סורגום+חיטה,אפונה,חיטה,חיטה+אספסת,אפונה+אספסת,חיטה א',חיטה ב',חיטה ב',חיטה ב'
174-1--1,,,,,,,חיטה,תלתן,חיטה א',חיטה ב',אפונה,חיטה א',חיטה,גזר,פפריקה,חיטה א'
174-1--2,,,,,,,חיטה,גזר,חיטה א',חיטה ב',חיטה ב',חיטה ב',חיטה,גזר,פפריקה,חיטה א'
174-3,,,,,,,חיטה,גזר,חיטה א',חיטה,חיטה ב',אפונה,חיטה,כרב נח,כרב נח,חיטה א'
131-1--1,,,,,,,חיטה ב',תפוא,חיטה א',תפוא,חיטה א',חיטה ב',גזר,חיטה ב',תפוא,חיטה א'
131-1--2,,,,,,,חיטה ב',תפוא,חיטה א',תפוא,חיטה א',גזר,חיטה א',תפוא,חיטה א',חיטה ב'
131-2--1,,,,,,,חיטה א',חיטה ב',אפונה,חיטה א',תפוא,חיטה א',שעורה,כרב נח,תפוא,חיטה א'
131-2--2,,,,,,,חיטה ב',תפוא,חיטה א',תפוא,חיטה א',חיטה ב',גזר,חיטה א',חיטה ב',תפוא
131-3,,,,,,,חיטה ב',תפוא,חיטה א',תפוא,חיטה א',חיטה ב',גזר,חיטה ב',חיטה ב',תפוא
131-9--1,,,,,,,חיטה א',חיטה ב',אפונה,חיטה א',,חיטה ב',אפונה,חיטה א',חיטה ב',שעורה
131-9--2,,,,,,,חיטה א',חיטה ב',אפונה,חיטה א',,חיטה ב',אפונה,חיטה א',חיטה ב',כרב נח
131-9--3,,,,,,,חיטה ב',,אפונה,חיטה א',חיטה ב',חיטה ג',אפונה,חיטה א',חיטה ב',כרב נח
131-9--4,,,,,,,חיטה א',חיטה ב',אפונה,חיטה א',חיטה ב',חיטה ג',אפונה,חיטה א',חיטה ב',כרב נח
132-2,,,,,,,חיטה ב',בקיה,חיטה א',חיטה ב',אפונה,חיטה א',תפוא,חיטה א',חיטה ב',שעורה
132-1,,,,,,,חיטה ב',בקיה,חיטה א',חיטה ב',אפונה,תפוא,חיטה ב',חיטה ב',שעורה,תפוא
132-9--1,,,,,,,חיטה ב',בקיה,חיטה א',חיטה ב',אפונה,כרב נח,,חיטה ב',שעורה,כרב נח
132-9--2,,,,,,,חיטה ב',בקיה,חיטה א',חיטה ב',אפונה,חיטה א',חיטה ב',שעורה,כרב נח,חיטה א'
133,,,,,,,חיטה ב',בקיה,חיטה א',חיטה ב',אפונה,חיטה א',חיטה ב',כרב נח,חיטה א',חיטה ב'
1061-2,,פפריקה,מללי,חיטה א',תפוא ,חיטה א',פטרוזיליה,חיטה א',חיטה ב',תפוא,חיטה א',חיטה ב',שעורה,תפוא,חיטה א',פטרוזיליה
1061-3,,פפריקה,מללי,חיטה א',תפוא ,חיטה א',פטרוזיליה,חיטה א',חיטה ב',תפוא,חיטה א',חיטה ב',שעורה,תפוא,חיטה א',פטרוזיליה
1063-2,,פפריקה,מללי,תפוא,חיטה א',גזר,חיטה א' + גזר,חיטה ב' + פטרוזיליה,תפוא,חיטה א',סלרי,חיטה א',תפוא,חיטה א',חימצה,חיטה א'
1063-3,,פפריקה,מללי,תפוא,חיטה א',גזר,חיטה א' + גזר,חיטה ב' + פטרוזיליה,תפוא,חיטה א',סלרי,חיטה א',תפוא,חיטה א',חימצה,חיטה א'
1064,,חיטה א',תפוא ,חיטה א',מללי,חיטה א',תפוא,חיטה א',חיטה ב',חיטה ג',תפוא,חיטה א',גזר / מללי,חיטה א',תפוא,חיטה א'
137,,,תפוא ,חיטה א',חיטה ב' / גזר,גזר + חיטה א',תפוא, תפוא,חיטה א' + חיטה ב',חיטה ב' + חיטה ג',תפוא ,חיטה א',חיטה ב',חיטה ג',פפריקה,חיטה א'
134-1--1,,,חיטה ב',פפריקה,תפוא,כרב נח,חיטה א',שמיר,כרב נח,תפוא,גזר,פפריקה,חיטה א',תפוא,טף,חיטה א'
134-1--2,,,חיטה ב',פפריקה,תפוא,כרב נח,חיטה א',שמיר,כרב נח,תפוא,גזר,פפריקה,חיטה א',תפוא,טף,חיטה א'
134-2,,,חיטה ב',פפריקה,תפוא,כרב נח,חיטה א',פטרוזיליה,כרב נח,תפוא,חיטה א',גזר,חיטה א',תפוא ,חיטה א',חיטה ב'
138-1,,,חיטה ,חיטה ב' / גזר קיץ,חיטה א' + גזר,תפוא,סלרי,חיטה א',חיטה ב',אפונה + לפתית,תפוא ,חיטה א',(גזר/מללי) + חיטה ב',חיטה א' + שעורה,פפריקה/מללי,חיטה א'
138-2,,,חיטה ,חיטה ב' / גזר קיץ,חיטה א' + גזר,תפוא,סלרי,חיטה א',חיטה ב',אפונה + לפתית,תפוא,חיטה א',(גזר/מללי) + חיטה ב',חיטה א' + שעורה,פפריקה/מללי,חיטה א'
139-3,,,תפוא ,חיטה א',חיטה ב',פטרוזיליה,חיטה א',תפוא,חיטה א',חיטה ב',שעורה,תפוא,חיטה א',חיטה ב',חימצה,תפוא
139-4,,,תפוא ,חיטה א',חיטה ב',פטרוזיליה,חיטה א',תפוא,חיטה א',חיטה ב',שעורה,תפוא,חיטה א',חיטה ב',חימצה,תפוא
140-3,,,חיטה,תפוא,חיטה א',חיטה ב',חיטה ב',חיטה ג',תפוא,חיטה א' / גזר,גזר + חיטה ב',חיטה א' + כרב נח,תפוא,חיטה א',חיטה ב',שעורה
140-4,,,חיטה,תפוא,חיטה א',חיטה ב',חיטה ב',חיטה ג',תפוא,חיטה א' / גזר,גזר + חיטה ב',חיטה א' + כרב נח,תפוא,חיטה א',חיטה ב',שעורה
141-1,,,,,,,בקיה,חיטה א',חיטה ב',אפונה,תפוא,חיטה א',חיטה ב',שעורה,תפוא,שעורה
141-2,,,חיטה ב',אפונה,תפוא ,גזר קיץ,חיטה א',חיטה ב',אפונה,חיטה א',תפוא,חיטה א',אפונה,שעורה,תפוא,שעורה
141-3,,,חיטה ב',אפונה,תפוא ,גזר קיץ,חיטה א',חיטה ב',סלרי,תפוא,חיטה א',חיטה ב',שעורה,תפוא,חיטה א',חיטה ב'
143-3--1,,,,,,,בקיה,חיטה א',חיטה ב',אפונה,חיטה א',שעורה,תפוא ,חיטה א',חיטה ב',שעורה
143-5,,,,,,,בקיה,חיטה א',חיטה ב',אפונה,חיטה א',שעורה,תפוא ,חיטה א',חיטה ב',שעורה
143-1--1,,,,,,,בקיה,חיטה א',חיטה ב',אפונה,חיטה א',שעורה,שעורה,תפוא,חיטה א',חיטה ב'
143-2--1,,,,,,,בקיה,חיטה א',חיטה ב',אפונה,חיטה א',שעורה,שעורה,תפוא,חיטה א',חיטה ב'
143-1--2,,,,,,,בקיה,חיטה א',חיטה ב',אפונה,חיטה א',חיטה ב',אפונה,חיטה א',תפוא,חיטה א'
143-2--2,,,,,,,בקיה,חיטה א',חיטה ב',אפונה,חיטה א',חיטה ב',אפונה,חיטה א',תפוא,חיטה א'
143-3--2,,,,,,,בקיה,חיטה א',חיטה ב',אפונה,חיטה א',שעורה,תפוא,חיטה א',גזר,חיטה א'
143-4--1,,,,,,,בקיה,חיטה א',חיטה ב',אפונה,חיטה א',שעורה,תפוא ,חיטה א',גזר,חיטה א'
143-4--2,,,,,,,בקיה,חיטה א',חיטה ב',אפונה,חיטה א',שעורה,תפוא,חיטה א',חיטה ב',שעורה
143-9,,,,חומוס,חיטה א',חיטה ב',אפונה,חיטה א',חיטה ב',אפונה,חיטה א',תפוא,אפונה,חיטה א',חיטה ב',שעורה
144-1,,,,,,,בקיה,חיטה א',חיטה ב',אפונה,חיטה א',תפוא,חיטה א',גזר,חיטה א',תפוא
144-2,,,,,,,בקיה,חיטה א',חיטה ב',אפונה,חיטה א',תפוא,חיטה א',גזר,חיטה א',תפוא
144-3,,,,,,,בקיה,חיטה א',חיטה ב',אפונה,חיטה א',תפוא,חיטה א',גזר,חיטה א',תפוא
144-4,,,,,,,בקיה,חיטה א',חיטה ב',אפונה,חיטה א',תפוא,חיטה א',גזר,חיטה א',תפוא
144-5,,,,,,,בקיה,חיטה א',חיטה ב',אפונה,חיטה א',תפוא,חיטה א',גזר,חיטה א',תפוא
145-1,,,,חיטה א',חיטה ב',אפונה,חיטה א',חיטה ב',אפונה,חיטה א',חיטה ב',כרב נח,חיטה א',חיטה ב',שעורה,אבטיח
145-2,,,,,,,אפונה,חיטה א',חיטה ב',כרב נח,חיטה א',חיטה ב',חיטה ב',חיטה א',חיטה ב',אבטיח
146-1,,,,,,,בקיה,תפוא,חיטה א',תפוא,חיטה א',גזר,חיטה ב',תפוא,חיטה א',חיטה ב'
146-9--1,,,,,,,בקיה,חיטה א',חיטה ב',אפונה,חיטה א',חיטה ב',אפונה,חיטה א',חיטה ב',שעורה
146-9--2,,,,,,,בקיה,חיטה א',חיטה ב',אפונה,חיטה א',חיטה ב',כרב נח,חיטה א',חיטה ב',שעורה
147,,,,,,,בקיה+אפונה,חיטה א',חיטה ב',אפונה,חיטה א',חיטה ב',חיטה ב',שעורה,חימצה,חיטה א'
155-1,,,אפונה,תפוא,חיטה א',חיטה ב',חיטה ג',חיטה ד',כרב נח,חיטה א',תפוא,תפוא,חיטה א',חיטה ב',כרב נח,כרב נח
155-2,,,אפונה,תפוא,חיטה א',חיטה ב',גזר,חיטה א',תפוא,חיטה א',תפוא,תפוא,חיטה א',חיטה ב',מללי,תפוא
155-3,,,אפונה,תפוא,חיטה א',חיטה ב',גזר,חיטה א',תפוא,חיטה א',תפוא,תפוא,חיטה א',חיטה ב',מללי,תפוא
148,,,חיטה / פפריקה,תפוא,חיטה א',חיטה ב',חיטה ב',חיטה ב',תפוא,חיטה א',חיטה ב',אפונה,חיטה א',חיטה ב',שעורה,כרב נח
152-1,,,חיטה,מללי,חיטה א',חיטה ב',חיטה ב',תפוא,חיטה א' / גזר,חיטה א',חיטה ב',אפונה,תפוא,חיטה א',חיטה ב',שעורה
152-2,,,חיטה,מללי,חיטה א',חיטה ב',חיטה ב',תפוא,חיטה א' / גזר,חיטה א',חיטה ב',אפונה,תפוא,חיטה א',חיטה ב',שעורה
150-1,,,אפונה,תפוא,חיטה א',חיטה ב',גזר,חיטה א',תפוא,חיטה א',חיטה ב' / פפריקה,כרב נח,תפוא,חיטה א',חיטה ב',שעורה
150-2,,,אפונה,תפוא,חיטה א',חיטה ב',גזר + חיטה ג',חיטה א' + חיטה ד',תפוא,חיטה א',חיטה ב',כרב נח,תפוא,חיטה א',חיטה ב',שעורה
126-1--1,,,חיטה,חיטה ב',חיטה ב' (אוחד עם מטוס),תפוא,חיטה א',סלרי,חיטה א' + (סלרי / מללי),חיטה א' + חיטה ב',תפוא,חיטה א',תפוא,חיטה א',חיטה ב',פפריקה
126-1--2,,,חיטה,חיטה ב',חיטה ב' (אוחד עם מטוס),תפוא,חיטה א',סלרי,חיטה א' + (סלרי / מללי),חיטה א' + חיטה ב',תפוא,חיטה א',סלרי / מללי,חיטה א',חיטה ב',תפוא
126-1--3,,,חיטה,חיטה ב',חיטה ב' (אוחד עם מטוס),תפוא,חיטה א',סלרי,חיטה א' + (סלרי / מללי),חיטה א' + חיטה ב',תפוא,חיטה א',סלרי / מללי,חיטה א',חיטה ב',תפוא
126-2--1,,,חיטה,חיטה ב',חיטה ב' (אוחד עם מטוס),תפוא,חיטה א',סלרי,חיטה א' + (סלרי / מללי),חיטה א' + חיטה ב',תפוא,חיטה א',סלרי/מללי,חיטה א',חיטה ב',תפוא
126-2--2,,,חיטה,חיטה ב',חיטה ב' (אוחד עם מטוס),תפוא,חיטה א',סלרי,חיטה א' + (סלרי / מללי),חיטה א' + חיטה ב',תפוא,חיטה א',סלרי/מללי,חיטה א',חיטה ב',פפריקה
126-2--3,,,חיטה,חיטה ב',חיטה ב' (אוחד עם מטוס),תפוא,חיטה א',סלרי,חיטה א' + (סלרי / מללי),חיטה א' + חיטה ב',תפוא,חיטה א',סלרי/מללי,חיטה א',חיטה ב',תפוא
156-1--1,,,חיטה ג',חומוס,תפוא,סלרי,פטרוזיליה,חיטה א',חיטה ב',תפוא ,חיטה א',חימצה,חיטה א',תפוא ,חיטה א',בצל
156-2--1,,,חיטה,חומוס,תפוא ,חיטה א',גזר,חיטה א',חיטה ב',תפוא ,חיטה א',חימצה,חיטה א',תפוא,חיטה א',בצל
156-1--2,,,חיטה ג',חומוס,תפוא,סלרי,פטרוזיליה,חיטה א',חיטה ב',תפוא ,חיטה א',סלרי + חיטה ב' + בצל,חיטה א',תפוא ,חיטה א',חיטה ב'
156-2--2,,,חיטה,חומוס,תפוא ,חיטה א',גזר,חיטה א',חיטה ב',תפוא ,חיטה א',סלרי + חיטה ב' + בצל,חיטה א',תפוא ,חיטה א',חיטה ב'
186,,,,,,,חיטה,חיטה,אפונה,חיטה א',תפוא,חיטה א',תפוא,חיטה א',חיטה ב',שעורה
158-1,,,,חיטה ב',חומוס,חיטה א',חיטה ב',חיטה ב',אפונה,חיטה א',חיטה ב',תפוא,חיטה א',חיטה ב',שעורה,חימצה בעל
158-2,,,,חיטה ב',חומוס,חיטה א',חיטה ב',חיטה ב',אפונה,חיטה א',חיטה ב',תפוא,חיטה א',חיטה ב',שעורה,כרב נח
159-1,,,,חיטה ב',חומוס,חיטה א',חיטה ב',חיטה ג',אפונה,חיטה א',חיטה ב',תפוא,חיטה א' + שעורה,גזר,חיטה א',תפוא
159-2,,,,חיטה ב',חומוס,חיטה א',חיטה ב',חיטה ג',אפונה,חיטה א',חיטה ב',תפוא,חיטה א',גזר,חיטה א',תפוא
159-9,,,,חיטה ב',חומוס,חיטה א',חיטה ב',חיטה ב',אפונה,חיטה א',חיטה ב',תפוא,חיטה א',חיטה ב',שעורה,כרב נח
170-1,,,,,,,,תפוא,חיטה,חיטה,אפונה,חיטה א',כרב נח,חיטה א',כרב נח,חיטה א'
170-2,,,,,,,,תלתן,חיטה,כרב נח,כרב נח,,,,חיטה א',חיטה ב'
1056-1--1,,כרב נח + חיטה ב',פטרוזיליה,תפוא,פפריקה,מללי,חיטה א',תפוא,גזר,חיטה א',חיטה ב',תפוא ,חיטה א',חימצה,חיטה א',תפוא
1056-2--1,,כרב נח + חיטה ב',פטרוזיליה,תפוא,פפריקה,מללי,חיטה א',תפוא,גזר,חיטה א',חיטה ב',תפוא ,חיטה א',חימצה,חיטה א',תפוא
1056-1--2,,כרב נח + חיטה ב',פטרוזיליה,תפוא,פפריקה,מללי,חיטה א',תפוא,גזר,חיטה א',חיטה ב',תפוא ,חיטה א',חימצה,חיטה א',תפוא
1056-2--2,,כרב נח + חיטה ב',פטרוזיליה,תפוא,פפריקה,מללי,חיטה א',תפוא,גזר,חיטה א',חיטה ב',תפוא,חיטה א',חימצה,חיטה א',תפוא
1055-1,,פטרוזיליה,פפריקה,תפוא,חיטה א',גזר,חיטה א',תפוא,תפוא ,סלרי,חיטה א',תפוא,חיטה א',גזר,חיטה א',תפוא
1055-2,,פטרוזיליה,פפריקה,תפוא,חיטה א',גזר,חיטה א',תפוא ,תפוא ,סלרי,חיטה א',תפוא,חיטה א',גזר,חיטה א',תפוא
164,,,תפוא,חיטה א',חיטה ב',כרב נח,חיטה א',חיטה ב',כרב נח,חיטה א',גזר/פפריקה,כרב נח,תפוא,חיטה א',טף,פפריקה
168-1,,,חיטה,תפוא,פפריקה,מללי,חיטה א',חיטה ב',תפוא,חיטה א',גזר,חיטה א',תפוא ,חיטה א',חיטה ב',שעורה
168-2,,,חיטה,תפוא ,פפריקה,מללי,חיטה א',חיטה ב',תפוא,חיטה א',גזר+חימצה,חיטה א',תפוא,חיטה א',חיטה ב',שעורה
167,,,,,,,אפונה,תפוא ,חיטה ב',תפוא,חיטה א',גזר+כרב נח,חיטה ב',תפוא,חיטה א',חיטה ב'
166-1,,,,,,,אפונה,חיטה א',חיטה ב',כרב נח,חיטה א',חיטה ב',,חיטה א',חיטה ב',שעורה
166-2,,,,,,,אפונה,תפוא,חיטה ב',תפוא ,חיטה א',חיטה ב',גזר/מללי,חיטה א',חיטה ב',שעורה
165-1,,,,,,,אפונה,חיטה א',חיטה ב',כרב נח,חיטה א',חיטה ב',אפונה,חיטה א',חיטה ב',שעורה
165-2,,,,,,,אפונה,חיטה א',חיטה ב',תפוא ,חיטה א',חיטה ב'+כרב נח,חיטה ב'+אפונה,חיטה א',חיטה ב',שעורה
165-3,,,,,,,אפונה,חיטה א',חיטה ב',תפוא,חיטה א',חיטה ב',,חיטה א',חיטה ב',שעורה
2010,,,,,,תפוא,חיטה א',חיטה ב',רימונים,רימונים,רימונים,רימונים,רימונים,רימונים,רימונים,רימונים
182-1,,,חיטה ב',חומוס,תפוא ,חיטה א',חיטה ב',חיטה ב',אפונה,תפוא,גזר,חיטה א' + כרב נח,שעורה,תפוא ,חיטה א',חיטה ב'
182-2,,,חיטה ב',חומוס,תפוא,חיטה א',חיטה ב',חיטה ב',אפונה,תפוא,גזר + חיטה א',חיטה א' + כרב נח + חיטה ב',שעורה,תפוא,חיטה א',חיטה ב'
182-3,,,חיטה ב',חומוס,תפוא ,חיטה א',חיטה ב',חיטה ב',אפונה,תפוא,חיטה א',חיטה ב',שעורה,תפוא,חיטה א',חיטה ב'
181-1,,,תפוא ,סלרי / מללי,חיטה א',שמיר,חיטה א',תפוא,חיטה א',חיטה ב',שעורה,תפוא,חיטה א',חיטה ב',שעורה,תפוא
181-2,,,תפוא ,סלרי / מללי,חיטה א',חיטה ב',גזר,תפוא,חיטה א',חיטה ב',שעורה,תפוא,חיטה א',חיטה ב',שעורה,תפוא
181-3,,,תפוא ,סלרי / מללי,חיטה א',חיטה ב',גזר,תפוא,חיטה א',חיטה ב',שעורה,תפוא,חיטה א',חיטה ב',שעורה,תפוא
185-1,,,,,,,חיטה,תלתן,אפונה,כרב נח,חיטה א',חיטה ב',אפונה,חיטה א',חיטה ב',שעורה
185-2,,,,,,,תפוא ,לא רשום,אפונה,חיטה א',לא רשום,לא רשום,שעורה,חיטה א',חיטה ב',שעורה
185-3,,,,,,,חיטה,חיטה,אפונה,כרב נח,חיטה א',חיטה ב',שעורה,חיטה א',חיטה ב',שעורה
180-1,,,חיטה,גזר,סלרי / מללי,חיטה א',תפוא,סלרי / מללי,חיטה א',חיטה ב',חיטה ג',תפוא,חיטה א',חיטה ב',חימצה,תפוא
180-2,,,חיטה,גזר,סלרי / מללי,חיטה א',תפוא , תפוא,סלרי + חיטה א',חיטה א' + חיטה ב',חיטה ב' + חיטה ג',תפוא,חיטה א',חיטה ב',חימצה,תפוא
180-3,,,חיטה,גזר,סלרי / מללי,חיטה א',חיטה ב',תפוא,סלרי,חיטה א',חיטה ב',תפוא,חיטה א',חיטה ב',חימצה,תפוא
